Street Address,City,State,Zip Code,result_num,osm_id,display_name,category,type,latlong,vertex_index,vertex_part,vertex_part_index,distance,angle
1 MEAD ST,Somerville,MA,"02143","0","29792276","1, Mead Street, West Somerville, Somerville, Middlesex County, Massachusetts, 02140, United States",building,apartments,"42.4002754,-71.12734288979","0","0","0",0.00000000000000,0.00000000000000
52 BURNSIDE AVE,Somerville,MA,"02143","0","29683079","52, Burnside Avenue, Wilson Square, Somerville, Middlesex County, Massachusetts, 02144, United States",building,yes,"42.39194755,-71.1166969","0","0","0",0.00000000000000,0.00000000000000
161 BROADWAY,Somerville,MA,"02143","0","29785443","161, Broadway, East Somerville, Somerville, Middlesex County, Massachusetts, 02145, United States",building,yes,"42.388802299999995,-71.085255254281","0","0","0",0.00000000000000,0.00000000000000
406 MCGRATH HWY,Somerville,MA,"02143","0","760500217","406, McGrath Highway, Prospect Hill, Somerville, Middlesex County, Massachusetts, 02143, United States",place,house,"42.382900778982524,-71.0913481904062","0","0","0",0.00000000000000,0.00000000000000
414 MCGRATH HWY,Somerville,MA,"02143","0","29825857","414, McGrath Highway, Prospect Hill, Somerville, Middlesex County, Massachusetts, 02143, United States",building,yes,"42.38211815,-71.09091821128789","0","0","0",0.00000000000000,0.00000000000000
229 PEARL ST,Somerville,MA,"02143","0","29642383","229, Pearl Street, Prospect Hill, Somerville, Middlesex County, Massachusetts, 02143, United States",building,detached,"42.387809149999995,-71.0941435365323","0","0","0",0.00000000000000,0.00000000000000
181 PEARL ST,Somerville,MA,"02143","0","29789930","181, Pearl Street, East Somerville, Somerville, Middlesex County, Massachusetts, 02145, United States",building,yes,"42.3867991,-71.09090850457738","0","0","0",0.00000000000000,0.00000000000000
84 PROSPECT ST,Somerville,MA,"02143","0","29537995","84, Prospect Street, Union Square, Somerville, Middlesex County, Massachusetts, 02143, United States",building,yes,"42.37592015,-71.09593404560114","0","0","0",0.00000000000000,0.00000000000000
216 SUMMER ST,Somerville,MA,"02143","0","29532168","216, Summer Street, Spring Hill, Somerville, Middlesex County, Massachusetts, 02143, United States",building,yes,"42.38838145,-71.11086722773115","0","0","0",0.00000000000000,0.00000000000000
16 CLEVELAND ST,Somerville,MA,"02143","0","29825071","16;18, Cleveland Street, Spring Hill, Somerville, Middlesex County, Massachusetts, 02143, United States",building,yes,"42.38488005,-71.10677789456912","0","0","0",0.00000000000000,0.00000000000000
125 LOWELL ST,Somerville,MA,"02143","0","29514680","Abandoned Nursing School, 125, Lowell Street, Spring Hill, Somerville, Middlesex County, Massachusetts, 02143, United States",building,commercial,"42.38843515,-71.10860462829862","0","0","0",0.00000000000000,0.00000000000000
243 HIGHLAND AVE,Somerville,MA,"02143","0","29514531","243, Highland Avenue, Spring Hill, Somerville, Middlesex County, Massachusetts, 02143, United States",building,yes,"42.39112165,-71.10955214621694","0","0","0",0.00000000000000,0.00000000000000
8 FAIRVIEW TERR,Somerville,MA,"02143","0","29742210","8, Fairview Terrace, Winter Hill, Somerville, Middlesex County, Massachusetts, 02143, United States",building,yes,"42.3932911,-71.09743231587771","0","0","0",0.00000000000000,0.00000000000000
421 MEDFORD ST,Somerville,MA,"02143","0","29685887","421, Medford Street, Winter Hill, Somerville, Middlesex County, Massachusetts, 02143, United States",building,yes,"42.3919527,-71.09976989527974","0","0","0",0.00000000000000,0.00000000000000
11 MACARTHUR ST,Somerville,MA,"02143","0","29519740","11, MacArthur Street, East Somerville, Somerville, Middlesex County, Massachusetts, 02145, United States",building,yes,"42.3890119,-71.0883708","0","0","0",0.00000000000000,0.00000000000000
10 INDIANA AVE,Somerville,MA,"02143","0","29519828","10;12, Indiana Avenue, East Somerville, Somerville, Middlesex County, Massachusetts, 02145, United States",building,yes,"42.387822549999996,-71.08250766026688","0","0","0",0.00000000000000,0.00000000000000
113 WASHINGTON ST,Somerville,MA,"02143","0","29746099","Buddy's Diner, 113, Washington Street, Brickbottom, Somerville, Middlesex County, Massachusetts, 02145, United States",amenity,restaurant,"42.38136155,-71.08688093951923","0","0","0",0.00000000000000,0.00000000000000
111 WASHINGTON ST,Somerville,MA,"02143","0","29789820","111, Washington Street, Brickbottom, Somerville, Middlesex County, Massachusetts, 02145, United States",building,yes,"42.381409700000006,-71.0867486583101","0","0","0",0.00000000000000,0.00000000000000
26 QUINCY ST,Somerville,MA,"02143","0","29685934","26, Quincy Street, Union Square, Somerville, Middlesex County, Massachusetts, 02143, United States",building,yes,"42.382935599999996,-71.10074139334213","0","0","0",0.00000000000000,0.00000000000000
10 HANCOCK ST,Somerville,MA,"02143","0","29683223","10, Hancock Street, Wilson Square, Somerville, Middlesex County, Massachusetts, 02144, United States",building,yes,"42.39033245,-71.11700070554699","0","0","0",0.00000000000000,0.00000000000000
19 ELM ST,Somerville,MA,"02143","0","29795203","19, Elm Street, Wilson Square, Somerville, Middlesex County, Massachusetts, 02144, United States",building,yes,"42.3866255,-71.11397721327802","0","0","0",0.00000000000000,0.00000000000000
10 HANCOCK ST,Somerville,MA,"02143","0","29683223","10, Hancock Street, Wilson Square, Somerville, Middlesex County, Massachusetts, 02144, United States",building,yes,"42.39033245,-71.11700070554699","0","0","0",0.00000000000000,0.00000000000000
6 MORGAN ST,Somerville,MA,"02143","0","29684152","6, Morgan Street, Wilson Square, Somerville, Middlesex County, Massachusetts, 02143, United States",building,yes,"42.380875950000004,-71.10822798027235","0","0","0",0.00000000000000,0.00000000000000
34 GRANT ST,Somerville,MA,"02143","0","29642229","34, Grant Street, Ten Hills, Somerville, Middlesex County, Massachusetts, 02145, United States",building,yes,"42.3927551,-71.09053688822202","0","0","0",0.00000000000000,0.00000000000000
11 MAINE AVE,Somerville,MA,"02143","0","29537540","9;11, Maine Avenue, East Somerville, Somerville, Middlesex County, Massachusetts, 02145, United States",building,apartments,"42.388723,-71.08130334770502","0","0","0",0.00000000000000,0.00000000000000
79 MORELAND ST,Somerville,MA,"02143","0","29788959","79, Moreland Street, Winter Hill, Somerville, Middlesex County, Massachusetts, 02145, United States",building,yes,"42.39848955,-71.09635076657679","0","0","0",0.00000000000000,0.00000000000000
54 CURTIS AVE,Somerville,MA,"02143","0","29730256","54, Curtis Avenue, Somerville, Middlesex County, Massachusetts, 02144, United States",building,yes,"42.40802885,-71.12680785","0","0","0",0.00000000000000,0.00000000000000
109 ORCHARD ST,Somerville,MA,"02143","0","29822665","109, Orchard Street, West Somerville, Somerville, Middlesex County, Massachusetts, 02140, United States",building,yes,"42.39388155,-71.12322130630282","0","0","0",0.00000000000000,0.00000000000000
156 ALBION ST,Somerville,MA,"02143","0","29726498","156, Albion Street, Spring Hill, Somerville, Middlesex County, Massachusetts, 02144, United States",building,yes,"42.39265455,-71.11047329445937","0","0","0",0.00000000000000,0.00000000000000
249 CEDAR ST,Somerville,MA,"02143","0","29578038","249, Cedar Street, Ball Square, Somerville, Middlesex County, Massachusetts, 02144, United States",building,yes,"42.39659425,-71.1091019953381","0","0","0",0.00000000000000,0.00000000000000
239 CEDAR ST,Somerville,MA,"02143","0","29531733","239, Cedar Street, Ball Square, Somerville, Middlesex County, Massachusetts, 02144, United States",building,yes,"42.396382349999996,-71.1092568","0","0","0",0.00000000000000,0.00000000000000
13 CLYDE ST,Somerville,MA,"02143","0","29531822","13, Clyde Street, Magoun Square, Somerville, Middlesex County, Massachusetts, 02144, United States",building,apartments,"42.3948735,-71.10968410000001","0","0","0",0.00000000000000,0.00000000000000
171 CEDAR ST,Somerville,MA,"02143","0","29514340","171, Cedar Street, Ball Square, Somerville, Middlesex County, Massachusetts, 02144, United States",building,yes,"42.39428805,-71.11063258863638","0","0","0",0.00000000000000,0.00000000000000
24 GARRISON AVE,Somerville,MA,"02143","0","29517058","24, Garrison Avenue, Somerville, Middlesex County, Massachusetts, 02140, United States",building,yes,"42.404471,-71.13099184496994","0","0","0",0.00000000000000,0.00000000000000
68 NORTH ST,Somerville,MA,"02143","0","29786298","66;68, North Street, Somerville, Middlesex County, Massachusetts, 02474, United States",building,yes,"42.40802755,-71.13007565347502","0","0","0",0.00000000000000,0.00000000000000
49 DICKINSON ST,Somerville,MA,"02143","0","29533470","49, Dickinson Street, Union Square, Somerville, Middlesex County, Massachusetts, 02143, United States",building,yes,"42.37477275,-71.10120715814324","0","0","0",0.00000000000000,0.00000000000000
9 PARKDALE ST,Somerville,MA,"02143","0","29725252","9;11, Parkdale Street, Union Square, Somerville, Middlesex County, Massachusetts, 02143, United States",building,semidetached_house,"42.378889900000004,-71.10234220000001","0","0","0",0.00000000000000,0.00000000000000
32 MUNROE ST,Somerville,MA,"02143","0","29788202","30;32, Munroe Street, Prospect Hill, Somerville, Middlesex County, Massachusetts, 02143, United States",building,yes,"42.380604649999995,-71.09219875","0","0","0",0.00000000000000,0.00000000000000
103 CROSS ST,Somerville,MA,"02143","0","29537683","101;103, Cross Street, East Somerville, Somerville, Middlesex County, Massachusetts, 02145, United States",building,yes,"42.3846847,-71.08889305","0","0","0",0.00000000000000,0.00000000000000
13 GARRISON AVE,Somerville,MA,"02143","0","29640367","13, Garrison Avenue, Somerville, Middlesex County, Massachusetts, 02140, United States",building,yes,"42.404931250000004,-71.13097465000001","0","0","0",0.00000000000000,0.00000000000000
29 GARRISON AVE,Somerville,MA,"02143","0","29790439","29;31, Garrison Avenue, Somerville, Middlesex County, Massachusetts, 02140, United States",building,yes,"42.404498399999994,-71.13153985653594","0","0","0",0.00000000000000,0.00000000000000
217 COLLEGE AVE,Somerville,MA,"02143","0","29828468","217, College Avenue, Ball Square, Somerville, Middlesex County, Massachusetts, 02144, United States",building,yes,"42.4048193,-71.11705715509999","0","0","0",0.00000000000000,0.00000000000000
17 OXFORD ST,Somerville,MA,"02143","0","29533331","17, Oxford Street, Spring Hill, Somerville, Middlesex County, Massachusetts, 02143, United States",building,yes,"42.386690900000005,-71.09979278134327","0","0","0",0.00000000000000,0.00000000000000
557 SOMERVILLE AVE,Somerville,MA,"02143","0","29532410","557, Somerville Avenue, Spring Hill, Somerville, Middlesex County, Massachusetts, 02143, United States",building,yes,"42.38364695,-71.10741855","0","0","0",0.00000000000000,0.00000000000000
43 SYDNEY ST,Somerville,MA,"02143","0","29740341","41;43, Sydney Street, Ten Hills, Somerville, Middlesex County, Massachusetts, 02145, United States",building,yes,"42.39462575,-71.08941438729752","0","0","0",0.00000000000000,0.00000000000000
95 FRANKLIN ST,Somerville,MA,"02143","0","29746063","95, Franklin Street, East Somerville, Somerville, Middlesex County, Massachusetts, 02145, United States",building,apartments,"42.381894700000004,-71.08620109690813","0","0","0",0.00000000000000,0.00000000000000
148 BROADWAY,Somerville,MA,"02143","0","29745682","148, Broadway, East Somerville, Somerville, Middlesex County, Massachusetts, 02145, United States",building,yes,"42.388128300000005,-71.08530629516643","0","0","0",0.00000000000000,0.00000000000000
6 ELLSWORTH ST,Somerville,MA,"02143","0","29739222","6, Ellsworth Street, East Somerville, Somerville, Middlesex County, Massachusetts, 02145, United States",building,yes,"42.3867389,-71.08641564675264","0","0","0",0.00000000000000,0.00000000000000
133 CROSS ST,Somerville,MA,"02143","0","29642572","133, Cross Street, East Somerville, Somerville, Middlesex County, Massachusetts, 02145, United States",building,yes,"42.3834476,-71.08991049999999","0","0","0",0.00000000000000,0.00000000000000
47 MARION ST,Somerville,MA,"02143","0","44709018","47, Marion Street, Union Square, Somerville, Middlesex County, Massachusetts, 02143, United States",place,house,"42.37739091314885,-71.10080326915224","0","0","0",0.00000000000000,0.00000000000000
13A AVON PL,Somerville,MA,"02143","0","9429976","Avon Place, Prospect Hill, Somerville, Middlesex County, Massachusetts, 02145, United States",highway,residential,"42.3834156,-71.090229","0","0","0",0.00000000000000,0.00000000000000
25 MANSFIELD ST,Somerville,MA,"02143","0","29819862","25, Mansfield Street, Brickbottom, Somerville, Middlesex County, Massachusetts, 02141, United States",building,yes,"42.3784615,-71.090115394545","0","0","0",0.00000000000000,0.00000000000000
16 CROSS ST,Somerville,MA,"02143","0","29819884","16;18F;18R, Cross Street, East Somerville, Somerville, Middlesex County, Massachusetts, 02145, United States",building,yes,"42.387923349999994,-71.08621424735023","0","0","0",0.00000000000000,0.00000000000000
57 CROSS ST,Somerville,MA,"02143","0","29642436","57, Cross Street, East Somerville, Somerville, Middlesex County, Massachusetts, 02145, United States",building,detached,"42.386254699999995,-71.08766590287188","0","0","0",0.00000000000000,0.00000000000000
51 EDGAR AVE,Somerville,MA,"02143","0","29744596","51;53, Edgar Avenue, Winter Hill, Somerville, Middlesex County, Massachusetts, 02145, United States",building,yes,"42.396765349999995,-71.09610517264295","0","0","0",0.00000000000000,0.00000000000000
24 DEARBORN RD,Somerville,MA,"02143","0","29516908","24, Dearborn Road, Ball Square, Somerville, Middlesex County, Massachusetts, 02144, United States",building,yes,"42.4049067,-71.11675065","0","0","0",0.00000000000000,0.00000000000000
39 WHITFIELD RD,Somerville,MA,"02143","0","29519049","39;41, Whitfield Road, Somerville, Middlesex County, Massachusetts, 02144, United States",building,yes,"42.406375249999996,-71.12441300531867","0","0","0",0.00000000000000,0.00000000000000
152 CURTIS ST,Somerville,MA,"02143","0","29518859","152, Curtis Street, Somerville, Middlesex County, Massachusetts, 02144, United States",building,yes,"42.4083952,-71.1241031","0","0","0",0.00000000000000,0.00000000000000
256 POWDER HOUSE BLVD,Somerville,MA,"02143","0","29826716","254;256, Powder House Boulevard, Ball Square, Somerville, Middlesex County, Massachusetts, 02144, United States",building,yes,"42.40706875,-71.13028290605749","0","0","0",0.00000000000000,0.00000000000000
7 MORRISON AVE,Somerville,MA,"02143","0","29793695","5;7, Morrison Avenue, Ball Square, Somerville, Middlesex County, Massachusetts, 02144, United States",building,apartments,"42.39466215,-71.11101163291625","0","0","0",0.00000000000000,0.00000000000000
6 WHEATLAND ST,Somerville,MA,"02143","0","29730800","6, Wheatland Street, Ten Hills, Somerville, Middlesex County, Massachusetts, 02145, United States",building,yes,"42.391670000000005,-71.0907563527027","0","0","0",0.00000000000000,0.00000000000000
114 ALBION ST,Somerville,MA,"02143","0","29683084","114;116, Albion Street, Spring Hill, Somerville, Middlesex County, Massachusetts, 02144, United States",building,yes,"42.39184265,-71.10858355","0","0","0",0.00000000000000,0.00000000000000
187 LOWELL ST,Somerville,MA,"02143","0","29683212","185;187, Lowell Street, Spring Hill, Somerville, Middlesex County, Massachusetts, 02143, United States",building,yes,"42.390362499999995,-71.10762324685315","0","0","0",0.00000000000000,0.00000000000000
225 HIGHLAND AVE,Somerville,MA,"02143","0","29726574","225, Highland Avenue, Spring Hill, Somerville, Middlesex County, Massachusetts, 02143, United States",building,detached,"42.390595399999995,-71.10834645","0","0","0",0.00000000000000,0.00000000000000
227 HIGHLAND AVE,Somerville,MA,"02143","0","29683182","227, Highland Avenue, Spring Hill, Somerville, Middlesex County, Massachusetts, 02143, United States",building,detached,"42.39065175,-71.10846608698131","0","0","0",0.00000000000000,0.00000000000000
43 CEDAR ST,Somerville,MA,"02143","0","29532093","43, Cedar Street, Wilson Square, Somerville, Middlesex County, Massachusetts, 02144, United States",building,yes,"42.389609899999996,-71.11401305267856","0","0","0",0.00000000000000,0.00000000000000
39 CEDAR ST,Somerville,MA,"02143","0","29514630","39, Cedar Street, Wilson Square, Somerville, Middlesex County, Massachusetts, 02144, United States",building,yes,"42.3894964,-71.11408159533899","0","0","0",0.00000000000000,0.00000000000000
32 WEBSTER AVE,Somerville,MA,"02143","0","29793940","32, Webster Avenue, Union Square, Somerville, Middlesex County, Massachusetts, 02143, United States",building,apartments,"42.37817205,-71.09570135200708","0","0","0",0.00000000000000,0.00000000000000
68 ALPINE ST,Somerville,MA,"02143","0","29629238","68, Alpine Street, Spring Hill, Somerville, Middlesex County, Massachusetts, 02143, United States",building,yes,"42.3928064,-71.10823748477584","0","0","0",0.00000000000000,0.00000000000000
36 PRINCETON ST,Somerville,MA,"02143","0","29631719","36, Princeton Street, Spring Hill, Somerville, Middlesex County, Massachusetts, 02144, United States",building,yes,"42.392821749999996,-71.1070511","0","0","0",0.00000000000000,0.00000000000000
15 CENTRAL RD,Somerville,MA,"02143","0","29828355","15, Central Road, Spring Hill, Somerville, Middlesex County, Massachusetts, 02143, United States",building,yes,"42.38873965,-71.10249268105056","0","0","0",0.00000000000000,0.00000000000000
101-103 ALPINE ST,Somerville,MA,"02143","0","9429328","Alpine Street, Spring Hill, Somerville, Middlesex County, Massachusetts, 02144, United States",highway,residential,"42.3937322,-71.111095","0","0","0",0.00000000000000,0.00000000000000
250 BROADWAY,Somerville,MA,"02143","0","29796444","250, Broadway, East Somerville, Somerville, Middlesex County, Massachusetts, 02145, United States",building,yes,"42.39042055,-71.09039454027547","0","0","0",0.00000000000000,0.00000000000000
57 BOSTON ST,Somerville,MA,"02143","0","29520262","57, Boston Street, Prospect Hill, Somerville, Middlesex County, Massachusetts, 02143, United States",building,yes,"42.38278725,-71.09271929965561","0","0","0",0.00000000000000,0.00000000000000
47 GREENVILLE ST,Somerville,MA,"02143","0","29826715","47, Greenville Street, Prospect Hill, Somerville, Middlesex County, Massachusetts, 02143, United States",building,yes,"42.382034149999996,-71.09335724575735","0","0","0",0.00000000000000,0.00000000000000
60 PEARSON AVE,Somerville,MA,"02143","0","29531697","58;60, Pearson Avenue, Ball Square, Somerville, Middlesex County, Massachusetts, 02144, United States",building,yes,"42.3966174,-71.11179210782998","0","0","0",0.00000000000000,0.00000000000000
8 OLIVER ST,Somerville,MA,"02143","0","29932498","8, Oliver Street, East Somerville, Somerville, Middlesex County, Massachusetts, 02145, United States",building,yes,"42.3832076,-71.0856902572612","0","0","0",0.00000000000000,0.00000000000000
59 GILMAN ST,Somerville,MA,"02143","0","200089610","59, Gilman Street, Prospect Hill, Somerville, Middlesex County, Massachusetts, 02145, United States",building,yes,"42.38546275,-71.09126130403912","0","0","0",0.00000000000000,0.00000000000000
97 GILMAN ST,Somerville,MA,"02143","0","29519927","97, Gilman Street, Prospect Hill, Somerville, Middlesex County, Massachusetts, 02145, United States",building,yes,"42.38644635,-71.0927333294602","0","0","0",0.00000000000000,0.00000000000000
96 PORTER ST,Somerville,MA,"02143","0","29723947","96, Porter Street, Spring Hill, Somerville, Middlesex County, Massachusetts, 02144, United States",building,yes,"42.39029265,-71.11106495335181","0","0","0",0.00000000000000,0.00000000000000
18 BUCKINGHAM ST,Somerville,MA,"02143","0","29639365","18, Buckingham Street, Union Square, Somerville, Middlesex County, Massachusetts, 02143, United States",building,yes,"42.376709500000004,-71.10308390302643","0","0","0",0.00000000000000,0.00000000000000
16 BUCKINGHAM ST,Somerville,MA,"02143","0","29530376","16, Buckingham Street, Union Square, Somerville, Middlesex County, Massachusetts, 02143, United States",building,yes,"42.376658250000006,-71.10320806763866","0","0","0",0.00000000000000,0.00000000000000
14 BUCKINGHAM ST,Somerville,MA,"02143","0","29639380","14, Buckingham Street, Union Square, Somerville, Middlesex County, Massachusetts, 02143, United States",building,yes,"42.3765766,-71.10328707133527","0","0","0",0.00000000000000,0.00000000000000
20 GLENWOOD RD,Somerville,MA,"02143","0","29531927","20, Glenwood Road, Magoun Square, Somerville, Middlesex County, Massachusetts, 02143, United States",building,yes,"42.3930646,-71.10366630722824","0","0","0",0.00000000000000,0.00000000000000
24 GLENWOOD RD,Somerville,MA,"02143","0","29828808","24, Glenwood Road, Magoun Square, Somerville, Middlesex County, Massachusetts, 02143, United States",building,yes,"42.39321305,-71.10357674744898","0","0","0",0.00000000000000,0.00000000000000
69 BAY STATE AVE,Somerville,MA,"02143","0","29723301","69, Bay State Avenue, Ball Square, Somerville, Middlesex County, Massachusetts, 02144, United States",building,yes,"42.3984521,-71.11601605382916","0","0","0",0.00000000000000,0.00000000000000
3 MYRTLE ST,Somerville,MA,"02143","0","29642635","1;3;5, Myrtle Street, East Somerville, Somerville, Middlesex County, Massachusetts, 02145, United States",building,apartments,"42.3818903,-71.08373512589208","0","0","0",0.00000000000000,0.00000000000000
49 MYRTLE ST,Somerville,MA,"02143","0","29826458","49, Myrtle Street, East Somerville, Somerville, Middlesex County, Massachusetts, 02145, United States",building,yes,"42.383480250000005,-71.08372792554198","0","0","0",0.00000000000000,0.00000000000000
10 CLIFTON ST,Somerville,MA,"02143","0","29792891","10, Clifton Street, West Somerville, Somerville, Middlesex County, Massachusetts, 02144, United States",building,yes,"42.396543,-71.11725710336891","0","0","0",0.00000000000000,0.00000000000000
49 ROGERS AVE,Somerville,MA,"02143","0","29795783","49, Rogers Avenue, Ball Square, Somerville, Middlesex County, Massachusetts, 02144, United States",building,apartments,"42.39700235,-71.1128632451709","0","0","0",0.00000000000000,0.00000000000000
54 ROGERS AVE,Somerville,MA,"02143","0","29514111","54, Rogers Avenue, Ball Square, Somerville, Middlesex County, Massachusetts, 02144, United States",building,yes,"42.3973716,-71.11310825160318","0","0","0",0.00000000000000,0.00000000000000
,Somerville,MA,"02143","0","1933746","Somerville, Middlesex County, Massachusetts, United States",boundary,administrative,"42.3875968,-71.0994968","0","0","0",0.00000000000000,0.00000000000000
70 LINE ST,Somerville,MA,"02143","0","29532860","70, Line Street, Inman Square, Somerville, Middlesex County, Massachusetts, 02143, United States",building,yes,"42.3761653,-71.10496925671808","0","0","0",0.00000000000000,0.00000000000000
37 BERKELEY ST,Somerville,MA,"02143","0","29585663","37, Berkeley Street, Spring Hill, Somerville, Middlesex County, Massachusetts, 02143, United States",building,yes,"42.386393749999996,-71.10167013372998","0","0","0",0.00000000000000,0.00000000000000
33 BERKELEY ST,Somerville,MA,"02143","0","29820234","33, Berkeley Street, Spring Hill, Somerville, Middlesex County, Massachusetts, 02143, United States",building,yes,"42.3863631,-71.10155368839042","0","0","0",0.00000000000000,0.00000000000000
242 SUMMER ST,Somerville,MA,"02143","0","29683310","242, Summer Street, Spring Hill, Somerville, Middlesex County, Massachusetts, 02143, United States",building,yes,"42.38951195,-71.11253393729868","0","0","0",0.00000000000000,0.00000000000000
184 NORTH ST,Somerville,MA,"02143","0","29729914","184, North Street, Somerville, Middlesex County, Massachusetts, 02474, United States",building,yes,"42.4117342,-71.12768330631856","0","0","0",0.00000000000000,0.00000000000000
102 WILLOW AVE,Somerville,MA,"02143","0","29637257","102, Willow Avenue, Ball Square, Somerville, Middlesex County, Massachusetts, 02144, United States",building,yes,"42.3945923,-71.11670469378846","0","0","0",0.00000000000000,0.00000000000000
89 GILMAN ST,Somerville,MA,"02143","0","29745829","89, Gilman Street, Prospect Hill, Somerville, Middlesex County, Massachusetts, 02145, United States",building,yes,"42.386216950000005,-71.09240295331145","0","0","0",0.00000000000000,0.00000000000000
52 PUTNAM ST,Somerville,MA,"02143","0","29537658","52, Putnam Street, Union Square, Somerville, Middlesex County, Massachusetts, 02143, United States",building,yes,"42.3852254,-71.09781755055249","0","0","0",0.00000000000000,0.00000000000000
36 PUTNAM ST,Somerville,MA,"02143","0","29537687","36, Putnam Street, Union Square, Somerville, Middlesex County, Massachusetts, 02143, United States",building,yes,"42.3845932,-71.09819352988771","0","0","0",0.00000000000000,0.00000000000000
20 BROOK ST,Somerville,MA,"02143","0","29642402","20;22, Brook Street, East Somerville, Somerville, Middlesex County, Massachusetts, 02145, United States",building,yes,"42.38714815,-71.08620323169399","0","0","0",0.00000000000000,0.00000000000000
67 GRANT ST,Somerville,MA,"02143","0","29730728","67;69, Grant Street, Ten Hills, Somerville, Middlesex County, Massachusetts, 02145, United States",building,yes,"42.39342045,-71.08903699271562","0","0","0",0.00000000000000,0.00000000000000
4 WIGGLESWORTH ST,Somerville,MA,"02143","0","29745715","4;6, Wigglesworth Street, Prospect Hill, Somerville, Middlesex County, Massachusetts, 02145, United States",building,yes,"42.3873504,-71.09196449769857","0","0","0",0.00000000000000,0.00000000000000
153 GLEN ST,Somerville,MA,"02143","0","29932962","153;155, Glen Street, East Somerville, Somerville, Middlesex County, Massachusetts, 02145, United States",building,apartments,"42.3826808,-71.0879325333955","0","0","0",0.00000000000000,0.00000000000000
55 SYCAMORE ST,Somerville,MA,"02143","0","29727414","53;55, Sycamore Street, Winter Hill, Somerville, Middlesex County, Massachusetts, 02143, United States",building,yes,"42.38991885,-71.10026379446808","0","0","0",0.00000000000000,0.00000000000000
58 SYCAMORE ST,Somerville,MA,"02143","0","29516736","58, Sycamore Street, Winter Hill, Somerville, Middlesex County, Massachusetts, 02143, United States",building,yes,"42.39006115,-71.10056520221524","0","0","0",0.00000000000000,0.00000000000000
234 PEARL ST,Somerville,MA,"02143","0","29789226","234, Pearl Street, Prospect Hill, Somerville, Middlesex County, Massachusetts, 02143, United States",building,detached,"42.387583199999995,-71.09446170000001","0","0","0",0.00000000000000,0.00000000000000
27 PINCKNEY ST,Somerville,MA,"02143","0","29745994","27, Pinckney Street, East Somerville, Somerville, Middlesex County, Massachusetts, 02145, United States",building,yes,"42.383132599999996,-71.0821568","0","0","0",0.00000000000000,0.00000000000000
33 ALSTON ST,Somerville,MA,"02143","0","29933550","33, Alston Street, Prospect Hill, Somerville, Middlesex County, Massachusetts, 02143, United States",building,yes,"42.3814118,-71.08939277233836","0","0","0",0.00000000000000,0.00000000000000
172 PEARL ST,Somerville,MA,"02143","0","29825839","172, Pearl Street, East Somerville, Somerville, Middlesex County, Massachusetts, 02145, United States",building,yes,"42.386307,-71.09025525","0","0","0",0.00000000000000,0.00000000000000
11 HEATH ST,Somerville,MA,"02143","0","29642197","11, Heath Street, Winter Hill, Somerville, Middlesex County, Massachusetts, 02145, United States",building,yes,"42.39400895,-71.09295145","0","0","0",0.00000000000000,0.00000000000000
97 PENNSYLVANIA AVE,Somerville,MA,"02143","0","29537497","97, Pennsylvania Avenue, East Somerville, Somerville, Middlesex County, Massachusetts, 02145, United States",building,yes,"42.389455600000005,-71.08327636806712","0","0","0",0.00000000000000,0.00000000000000
36 MUNROE ST,Somerville,MA,"02143","0","29746148","36, Munroe Street, Prospect Hill, Somerville, Middlesex County, Massachusetts, 02143, United States",building,yes,"42.380656,-71.09237005438072","0","0","0",0.00000000000000,0.00000000000000
292 HIGHLAND AVE,Somerville,MA,"02143","0","29631593","292, Highland Avenue, Spring Hill, Somerville, Middlesex County, Massachusetts, 02144, United States",building,yes,"42.392210950000006,-71.1129279790724","0","0","0",0.00000000000000,0.00000000000000
46 MOORE ST,Somerville,MA,"02143","0","29681988","46, Moore Street, Teele Square, Somerville, Middlesex County, Massachusetts, 02140, United States",building,yes,"42.401061799999994,-71.12801703025485","0","0","0",0.00000000000000,0.00000000000000
27 MOORE ST,Somerville,MA,"02143","0","29681899","27, Moore Street, Teele Square, Somerville, Middlesex County, Massachusetts, 02140, United States",building,yes,"42.4016572,-71.12786348585308","0","0","0",0.00000000000000,0.00000000000000
45 WALKER ST,Somerville,MA,"02143","0","29823883","45, Walker Street, West Somerville, Somerville, Middlesex County, Massachusetts, 02144, United States",building,yes,"42.40167435,-71.11950558066437","0","0","0",0.00000000000000,0.00000000000000
9 AUSTIN ST,Somerville,MA,"02143","0","29933833","9, Austin Street, East Somerville, Somerville, Middlesex County, Massachusetts, 02145, United States",building,apartments,"42.38753095,-71.08023488415273","0","0","0",0.00000000000000,0.00000000000000
13 HANSON AVE,Somerville,MA,"02143","0","29532620","13,15, Hanson Avenue, Wilson Square, Somerville, Middlesex County, Massachusetts, 02143, United States",building,yes,"42.379359300000004,-71.10481969341933","0","0","0",0.00000000000000,0.00000000000000
42 HIGH ST,Somerville,MA,"02143","0","29730089","42,44, High Street, Somerville, Middlesex County, Massachusetts, 02474, United States",building,yes,"42.41016825,-71.13013360619574","0","0","0",0.00000000000000,0.00000000000000
16 TRULL ST,Somerville,MA,"02143","0","29682890","16, Trull Street, Magoun Square, Somerville, Middlesex County, Massachusetts, 02143, United States",building,yes,"42.393674000000004,-71.10481139776338","0","0","0",0.00000000000000,0.00000000000000
43 TRULL ST,Somerville,MA,"02143","0","29932830","41;43, Trull Street, Magoun Square, Somerville, Middlesex County, Massachusetts, 02143, United States",building,apartments,"42.394368549999996,-71.10388819583304","0","0","0",0.00000000000000,0.00000000000000
47 SPRING ST,Somerville,MA,"02143","0","29685413","47, Spring Street, Spring Hill, Somerville, Middlesex County, Massachusetts, 02143, United States",building,yes,"42.386289250000004,-71.10811592516214","0","0","0",0.00000000000000,0.00000000000000
429 MEDFORD ST,Somerville,MA,"02143","0","29685885","429, Medford Street, Winter Hill, Somerville, Middlesex County, Massachusetts, 02143, United States",building,apartments,"42.39238575,-71.10024143947244","0","0","0",0.00000000000000,0.00000000000000
96 SYCAMORE ST,Somerville,MA,"02143","0","29516739","96, Sycamore Street, Winter Hill, Somerville, Middlesex County, Massachusetts, 02143, United States",building,yes,"42.39168295,-71.09936585","0","0","0",0.00000000000000,0.00000000000000
357 MEDFORD ST,Somerville,MA,"02143","0","29537529","357, Medford Street, Somerville, Middlesex County, Massachusetts, 02143, United States",building,yes,"42.388939750000006,-71.09668214999999","0","0","0",0.00000000000000,0.00000000000000
508 BROADWAY,Somerville,MA,"02143","0","29682412","508;510, Broadway, Magoun Square, Somerville, Middlesex County, Massachusetts, 02144, United States",building,apartments,"42.3974634,-71.10539373154953","0","0","0",0.00000000000000,0.00000000000000
6 HINCKLEY ST,Somerville,MA,"02143","0","29827773","6, Hinckley Street, Magoun Square, Somerville, Middlesex County, Massachusetts, 02144, United States",building,apartments,"42.397250650000004,-71.1050818","0","0","0",0.00000000000000,0.00000000000000
36 RICHARDSON ST,Somerville,MA,"02143","0","29514227","36, Richardson Street, Magoun Square, Somerville, Middlesex County, Massachusetts, 02144, United States",building,yes,"42.39592585,-71.10595018133401","0","0","0",0.00000000000000,0.00000000000000
18 RICHARDSON ST,Somerville,MA,"02143","0","29635857","18, Richardson Street, Magoun Square, Somerville, Middlesex County, Massachusetts, 02144, United States",building,yes,"42.3955769,-71.10519026936937","0","0","0",0.00000000000000,0.00000000000000
17 RICHARDSON ST,Somerville,MA,"02143","0","29531764","15;17, Richardson Street, Magoun Square, Somerville, Middlesex County, Massachusetts, 02144, United States",building,yes,"42.39578295,-71.10499113309768","0","0","0",0.00000000000000,0.00000000000000
97 MORRISON AVE,Somerville,MA,"02143","0","29723487","97, Morrison Avenue, Ball Square, Somerville, Middlesex County, Massachusetts, 02144, United States",building,detached,"42.3956754,-71.11503795498993","0","0","0",0.00000000000000,0.00000000000000
142 MORRISON AVE,Somerville,MA,"02143","0","992557735","142, Morrison Avenue, West Somerville, Somerville, Middlesex County, Massachusetts, 02144, United States",building,house,"42.396144899999996,-71.1173035","0","0","0",0.00000000000000,0.00000000000000
48 CHETWYND RD,Somerville,MA,"02143","0","29730221","48;50, Chetwynd Road, Somerville, Middlesex County, Massachusetts, 02144, United States",building,yes,"42.4084699,-71.12626681238862","0","0","0",0.00000000000000,0.00000000000000
127 HILLSDALE RD,Somerville,MA,"02143","0","29730207","125;127, Hillsdale Road, Somerville, Middlesex County, Massachusetts, 02144, United States",building,yes,"42.408630599999995,-71.12682920145028","0","0","0",0.00000000000000,0.00000000000000
126 HILLSDALE RD,Somerville,MA,"02143","0","29730213","124;126, Hillsdale Road, Somerville, Middlesex County, Massachusetts, 02144, United States",building,yes,"42.40857365,-71.12640360458806","0","0","0",0.00000000000000,0.00000000000000
46 CONWELL AVE,Somerville,MA,"02143","0","29537048","46;48, Conwell Avenue, Somerville, Middlesex County, Massachusetts, 02144, United States",building,yes,"42.407434699999996,-71.1269844735055","0","0","0",0.00000000000000,0.00000000000000
54 WILLOW AVE,Somerville,MA,"02143","0","29828547","54;56, Willow Avenue, West Somerville, Somerville, Middlesex County, Massachusetts, 02144, United States",building,yes,"42.39308985,-71.11779071290071","0","0","0",0.00000000000000,0.00000000000000
51 WILLOW AVE,Somerville,MA,"02143","0","29932493","51;53, Willow Avenue, West Somerville, Somerville, Middlesex County, Massachusetts, 02144, United States",building,yes,"42.3929294,-71.11738315839517","0","0","0",0.00000000000000,0.00000000000000
64 WILLOW AVE,Somerville,MA,"02143","0","29514394","64, Willow Avenue, West Somerville, Somerville, Middlesex County, Massachusetts, 02144, United States",building,yes,"42.39346615,-71.11752795000001","0","0","0",0.00000000000000,0.00000000000000
172 WALNUT ST,Somerville,MA,"02143","0","29825899","172, Walnut Street, Prospect Hill, Somerville, Middlesex County, Massachusetts, 02145, United States",building,yes,"42.390326,-71.09139223536663","0","0","0",0.00000000000000,0.00000000000000
174 WALNUT ST,Somerville,MA,"02143","0","29821448","174, Walnut Street, Prospect Hill, Somerville, Middlesex County, Massachusetts, 02145, United States",building,yes,"42.3904896,-71.091340286726","0","0","0",0.00000000000000,0.00000000000000
190 WASHINGTON ST,Somerville,MA,"02143","0","29823769","190, Washington Street, Prospect Hill, Somerville, Middlesex County, Massachusetts, 02143, United States",building,yes,"42.3796613,-71.09078705820943","0","0","0",0.00000000000000,0.00000000000000
8 CHERRY ST,Somerville,MA,"02143","0","29514618","8, Cherry Street, Wilson Square, Somerville, Middlesex County, Massachusetts, 02144, United States",building,yes,"42.38967645,-71.11641575991605","0","0","0",0.00000000000000,0.00000000000000
80 CURTIS ST,Somerville,MA,"02143","0","29537111","80, Curtis Street, Somerville, Middlesex County, Massachusetts, 02144, United States",building,yes,"42.4062364,-71.12573947173902","0","0","0",0.00000000000000,0.00000000000000
388 MEDFORD ST,Somerville,MA,"02143","0","29933753","388, Medford Street, Winter Hill, Somerville, Middlesex County, Massachusetts, 02143, United States",building,yes,"42.39012525,-71.09849089705799","0","0","0",0.00000000000000,0.00000000000000
15 ALDRICH ST,Somerville,MA,"02143","0","29820155","15, Aldrich Street, Prospect Hill, Somerville, Middlesex County, Massachusetts, 02145, United States",building,yes,"42.386062949999996,-71.09116296942801","0","0","0",0.00000000000000,0.00000000000000
24 PINCKNEY ST,Somerville,MA,"02143","0","29826640","24, Pinckney Street, East Somerville, Somerville, Middlesex County, Massachusetts, 02145, United States",building,yes,"42.38303625,-71.08259709844853","0","0","0",0.00000000000000,0.00000000000000
15 ELM ST,Somerville,MA,"02143","0","29826074","15, Elm Street, Wilson Square, Somerville, Middlesex County, Massachusetts, 02144, United States",building,yes,"42.3865008,-71.1138863825181","0","0","0",0.00000000000000,0.00000000000000
5 NEWBURY ST,Somerville,MA,"02143","0","29515628","3;5, Newbury Street, Teele Square, Somerville, Middlesex County, Massachusetts, 02140, United States",building,apartments,"42.40295865,-71.12741270079206","0","0","0",0.00000000000000,0.00000000000000
65 BROMFIELD RD,Somerville,MA,"02143","0","29826348","65, Bromfield Road, Ball Square, Somerville, Middlesex County, Massachusetts, 02144, United States",building,yes,"42.4035527,-71.11611518292496","0","0","0",0.00000000000000,0.00000000000000
2 QUINCY ST,Somerville,MA,"02143","0","29794124","2, Quincy Street, Union Square, Somerville, Middlesex County, Massachusetts, 02143, United States",building,yes,"42.38218895,-71.10148960000001","0","0","0",0.00000000000000,0.00000000000000
43 MARION ST,Somerville,MA,"02143","0","44709018","43, Marion Street, Union Square, Somerville, Middlesex County, Massachusetts, 02143, United States",place,house,"42.3773948262977,-71.10064953830447","0","0","0",0.00000000000000,0.00000000000000
38 ROSE ST,Somerville,MA,"02143","0","29826680","38;40, Rose Street, Union Square, Somerville, Middlesex County, Massachusetts, 02143, United States",building,yes,"42.37790905,-71.10263662521834","0","0","0",0.00000000000000,0.00000000000000
35 ROSE ST,Somerville,MA,"02143","0","29637853","35;37, Rose Street, Union Square, Somerville, Middlesex County, Massachusetts, 02143, United States",building,yes,"42.378020250000006,-71.10302060000001","0","0","0",0.00000000000000,0.00000000000000
3 PARTRIDGE AVE,Somerville,MA,"02143","0","29934937","3, Partridge Avenue, Magoun Square, Somerville, Middlesex County, Massachusetts, 02143, United States",building,yes,"42.392768649999994,-71.10419884999999","0","0","0",0.00000000000000,0.00000000000000
275 SUMMER ST,Somerville,MA,"02143","0","29793746","275, Summer Street, Spring Hill, Somerville, Middlesex County, Massachusetts, 02144, United States",building,yes,"42.39115805,-71.11424665296411","0","0","0",0.00000000000000,0.00000000000000
74 NEWTON ST,Somerville,MA,"02143","0","1113497265","74, Newton Street, Union Square, Somerville, Middlesex County, Massachusetts, 02143, United States",place,house,"42.3778375,-71.09549625","0","0","0",0.00000000000000,0.00000000000000
17 CLARK ST,Somerville,MA,"02143","0","29787622","17;19, Clark Street, Union Square, Somerville, Middlesex County, Massachusetts, 02143, United States",building,yes,"42.37808925,-71.0970078","0","0","0",0.00000000000000,0.00000000000000
16 CHETWYND RD,Somerville,MA,"02143","0","29518897","16, Chetwynd Road, Somerville, Middlesex County, Massachusetts, 02144, United States",building,yes,"42.40805605,-71.12488137616197","0","0","0",0.00000000000000,0.00000000000000
1 PARTRIDGE AVE,Somerville,MA,"02143","0","29590166","1, Partridge Avenue, Magoun Square, Somerville, Middlesex County, Massachusetts, 02143, United States",building,detached,"42.3927026,-71.1042545997706","0","0","0",0.00000000000000,0.00000000000000
1 CAMERON AVE,Somerville,MA,"02143","0","29681984","1, Cameron Avenue, West Somerville, Somerville, Middlesex County, Massachusetts, 02140, United States",building,apartments,"42.401087950000004,-71.12644215099098","0","0","0",0.00000000000000,0.00000000000000
28 FLINT ST,Somerville,MA,"02143","0","29745943","28, Flint Street, East Somerville, Somerville, Middlesex County, Massachusetts, 02145, United States",building,yes,"42.3840137,-71.08637102999268","0","0","0",0.00000000000000,0.00000000000000
38 MEACHAM ST,Somerville,MA,"02143","0","9429873","38, Meacham Street, Winter Hill, Somerville, Middlesex County, Massachusetts, 02145, United States",place,house,"42.39792823529412,-71.09734576470588","0","0","0",0.00000000000000,0.00000000000000
1 ARLINGTON ST,Somerville,MA,"02143","0","29740221","Charles Williams Jr. House, 1, Arlington Street, East Somerville, Somerville, Middlesex County, Massachusetts, 02145, United States",historic,house,"42.3859284,-71.08143504017205","0","0","0",0.00000000000000,0.00000000000000
26 THORNDIKE ST,Somerville,MA,"02143","0","29588560","26, Thorndike Street, West Somerville, Somerville, Middlesex County, Massachusetts, 02140, United States",building,yes,"42.397667049999995,-71.12491706110133","0","0","0",0.00000000000000,0.00000000000000
353 HIGHLAND AVE,Somerville,MA,"02143","0","29825416","353, Highland Avenue, Spring Hill, Somerville, Middlesex County, Massachusetts, 02144, United States",building,yes,"42.394404449999996,-71.11706676993042","0","0","0",0.00000000000000,0.00000000000000
96 CONWELL AVE,Somerville,MA,"02143","0","29936502","96, Conwell Avenue, Somerville, Middlesex County, Massachusetts, 02144, United States",building,yes,"42.408196000000004,-71.12904298568498","0","0","0",0.00000000000000,0.00000000000000
26 HALL ST,Somerville,MA,"02143","0","29591094","26;28, Hall Street, Spring Hill, Somerville, Middlesex County, Massachusetts, 02144, United States",building,yes,"42.3916093,-71.11425363266565","0","0","0",0.00000000000000,0.00000000000000
36 ALLEN ST,Somerville,MA,"02143","0","9430095","36, Allen Street, Boynton Yards, Somerville, Middlesex County, Massachusetts, 02143, United States",place,house,"42.37802114583333,-71.09305733333333","0","0","0",0.00000000000000,0.00000000000000
6 LINCOLN ST,Somerville,MA,"02143","0","29642426","6;6A, Lincoln Street, East Somerville, Somerville, Middlesex County, Massachusetts, 02145, United States",building,apartments,"42.386439749999994,-71.08071924999999","0","0","0",0.00000000000000,0.00000000000000
6 ACADIA PK,Somerville,MA,"02143","0","29821212","6, Acadia Park, Wilson Square, Somerville, Middlesex County, Massachusetts, 02144, United States",building,apartments,"42.3881186,-71.11752927119798","0","0","0",0.00000000000000,0.00000000000000
9 ACADIA PK,Somerville,MA,"02143","0","29824018","9, Acadia Park, Wilson Square, Somerville, Middlesex County, Massachusetts, 02144, United States",building,apartments,"42.3879441,-71.1172005","0","0","0",0.00000000000000,0.00000000000000
113 GLEN ST,Somerville,MA,"02143","0","29520181","113, Glen Street, East Somerville, Somerville, Middlesex County, Massachusetts, 02145, United States",building,yes,"42.38386865,-71.0870351445264","0","0","0",0.00000000000000,0.00000000000000
5 FRANKLIN ST,Somerville,MA,"02143","0","29787253","5, Franklin Street, East Somerville, Somerville, Middlesex County, Massachusetts, 02145, United States",building,house,"42.3868079,-71.0828779177577","0","0","0",0.00000000000000,0.00000000000000
33 OLIVER ST,Somerville,MA,"02143","0","29537715","33;35, Oliver Street, East Somerville, Somerville, Middlesex County, Massachusetts, 02145, United States",building,yes,"42.38387505,-71.08723566042353","0","0","0",0.00000000000000,0.00000000000000
70 PEARL ST,Somerville,MA,"02143","0","29826702","70, Pearl Street, East Somerville, Somerville, Middlesex County, Massachusetts, 02145, United States",building,yes,"42.384349400000005,-71.08411577130163","0","0","0",0.00000000000000,0.00000000000000
155 PERKINS ST,Somerville,MA,"02143","0","29822534","155;157, Perkins Street, East Somerville, Somerville, Middlesex County, Massachusetts, 02145, United States",building,apartments,"42.38575025,-71.08318764389982","0","0","0",0.00000000000000,0.00000000000000
113 WASHINGTON ST,Somerville,MA,"02143","0","29746099","Buddy's Diner, 113, Washington Street, Brickbottom, Somerville, Middlesex County, Massachusetts, 02145, United States",amenity,restaurant,"42.38136155,-71.08688093951923","0","0","0",0.00000000000000,0.00000000000000
34 RUSH ST,Somerville,MA,"02143","0","29642424","34, Rush Street, East Somerville, Somerville, Middlesex County, Massachusetts, 02145, United States",building,yes,"42.386663549999994,-71.08589754763646","0","0","0",0.00000000000000,0.00000000000000
4 OTIS ST,Somerville,MA,"02143","0","29642409","4, Otis Street, East Somerville, Somerville, Middlesex County, Massachusetts, 02145, United States",building,yes,"42.38704735,-71.08740759678494","0","0","0",0.00000000000000,0.00000000000000
20 FRANKLIN AVE,Somerville,MA,"02143","0","29795109","20, Franklin Avenue, East Somerville, Somerville, Middlesex County, Massachusetts, 02145, United States",building,detached,"42.3823264,-71.08508660000001","0","0","0",0.00000000000000,0.00000000000000
22 FRANKLIN AVE,Somerville,MA,"02143","0","29718610","22, Franklin Avenue, East Somerville, Somerville, Middlesex County, Massachusetts, 02145, United States",building,detached,"42.3824306,-71.08507877585551","0","0","0",0.00000000000000,0.00000000000000
62 FRANKLIN ST,Somerville,MA,"02143","0","29537764","62, Franklin Street, East Somerville, Somerville, Middlesex County, Massachusetts, 02145, United States",building,yes,"42.3830386,-71.08507664999999","0","0","0",0.00000000000000,0.00000000000000
98 PEARL ST,Somerville,MA,"02143","0","29537673","98, Pearl Street, East Somerville, Somerville, Middlesex County, Massachusetts, 02145, United States",building,yes,"42.384922450000005,-71.08590724999999","0","0","0",0.00000000000000,0.00000000000000
161 BROADWAY,Somerville,MA,"02143","0","29785443","161, Broadway, East Somerville, Somerville, Middlesex County, Massachusetts, 02145, United States",building,yes,"42.388802299999995,-71.085255254281","0","0","0",0.00000000000000,0.00000000000000
13 FRANKLIN AVE,Somerville,MA,"02143","0","29520300","13, Franklin Avenue, East Somerville, Somerville, Middlesex County, Massachusetts, 02145, United States",building,yes,"42.382102950000004,-71.08485199990385","0","0","0",0.00000000000000,0.00000000000000
22 LELAND ST,Somerville,MA,"02143","0","29820681","20;20-22;22, Leland Street, Union Square, Somerville, Middlesex County, Massachusetts, 02143, United States",building,apartments,"42.3799336,-71.10266127137461","0","0","0",0.00000000000000,0.00000000000000
373 ALEWIFE BROOK PKWY,Somerville,MA,"02143","0","29729779","373, Alewife Brook Parkway, Somerville, Middlesex County, Massachusetts, 02474, United States",building,yes,"42.41296065,-71.1308760664296","0","0","0",0.00000000000000,0.00000000000000
16 WALDO AVE,Somerville,MA,"02143","0","29532817","16, Waldo Avenue, Union Square, Somerville, Middlesex County, Massachusetts, 02143, United States",building,apartments,"42.376799,-71.10372445924986","0","0","0",0.00000000000000,0.00000000000000
5 ROSE ST,Somerville,MA,"02143","0","29515218","5;7, Rose Street, Union Square, Somerville, Middlesex County, Massachusetts, 02143, United States",building,yes,"42.378834100000006,-71.1030138","0","0","0",0.00000000000000,0.00000000000000
13B AVON PL,Somerville,MA,"02143","0","9429976","Avon Place, Prospect Hill, Somerville, Middlesex County, Massachusetts, 02145, United States",highway,residential,"42.3834156,-71.090229","0","0","0",0.00000000000000,0.00000000000000
25 BAILEY ST,Somerville,MA,"02143","0","29935690","25;27, Bailey Street, Somerville, Middlesex County, Massachusetts, 02144, United States",building,yes,"42.40970525,-71.12818509514253","0","0","0",0.00000000000000,0.00000000000000
200 MCGRATH HWY,Somerville,MA,"02143","0","591294841","McGrath Highway, Prospect Hill, Somerville, Middlesex County, Massachusetts, 02143, United States",highway,secondary,"42.3821993,-71.0903642","0","0","0",0.00000000000000,0.00000000000000
18 BONAIR ST,Somerville,MA,"02143","0","9428795","18, Bonair Street, East Somerville, Somerville, Middlesex County, Massachusetts, 02145, United States",place,house,"42.387876,-71.087774","0","0","0",0.00000000000000,0.00000000000000
7 MOUNTAIN AVE,Somerville,MA,"02143","0","29635139","7, Mountain Avenue, Spring Hill, Somerville, Middlesex County, Massachusetts, 02144, United States",building,yes,"42.39003285,-71.11165588514345","0","0","0",0.00000000000000,0.00000000000000
33 RAYMOND AVE,Somerville,MA,"02143","0","29641935","31;33, Raymond Avenue, Somerville, Middlesex County, Massachusetts, 02144, United States",building,yes,"42.40694015,-71.1266784488065","0","0","0",0.00000000000000,0.00000000000000
36 NASHUA ST,Somerville,MA,"02143","0","29723609","36, Nashua Street, Magoun Square, Somerville, Middlesex County, Massachusetts, 02143, United States",building,yes,"42.39425985,-71.10615505","0","0","0",0.00000000000000,0.00000000000000
29 JAQUES ST,Somerville,MA,"02143","0","29937539","29, Jaques Street, Ten Hills, Somerville, Middlesex County, Massachusetts, 02145, United States",building,yes,"42.3934218,-71.09044456730453","0","0","0",0.00000000000000,0.00000000000000
67 PEARL ST,Somerville,MA,"02143","0","29932687","65;67, Pearl Street, East Somerville, Somerville, Middlesex County, Massachusetts, 02145, United States",building,apartments,"42.3845843,-71.08379837711124","0","0","0",0.00000000000000,0.00000000000000
373 ALEWIFE BROOK PKWY,Somerville,MA,"02143","0","29729779","373, Alewife Brook Parkway, Somerville, Middlesex County, Massachusetts, 02474, United States",building,yes,"42.41296065,-71.1308760664296","0","0","0",0.00000000000000,0.00000000000000
61 PEARL ST,Somerville,MA,"02143","0","29642508","61, Pearl Street, East Somerville, Somerville, Middlesex County, Massachusetts, 02145, United States",building,apartments,"42.38457,-71.08362623223906","0","0","0",0.00000000000000,0.00000000000000
8 CROSS ST EAST,Somerville,MA,"02143","0","9429316","8, Cross Street East, East Somerville, Somerville, Middlesex County, Massachusetts, 02145, United States",place,house,"42.38897752854676,-71.08583613031081","0","0","0",0.00000000000000,0.00000000000000
10 CROSS ST EAST,Somerville,MA,"02143","0","9429316","10, Cross Street East, East Somerville, Somerville, Middlesex County, Massachusetts, 02145, United States",place,house,"42.389010038062345,-71.08580717374774","0","0","0",0.00000000000000,0.00000000000000
74 GRANT ST,Somerville,MA,"02143","0","29937987","72;74, Grant Street, Ten Hills, Somerville, Middlesex County, Massachusetts, 02145, United States",building,yes,"42.3937237,-71.0891931","0","0","0",0.00000000000000,0.00000000000000
114 Glen St,Somerville,MA,"02143","0","29940702","112;114;116;118, Glen Street, East Somerville, Somerville, Middlesex County, Massachusetts, 02145, United States",building,yes,"42.38375635,-71.08666529999999","0","0","0",0.00000000000000,0.00000000000000
59 WATERHOUSE ST,Somerville,MA,"02143","0","29686103","57;59, Waterhouse Street, Somerville, Middlesex County, Massachusetts, 02474, United States",building,yes,"42.40441815,-71.13362804655685","0","0","0",0.00000000000000,0.00000000000000
44 MICHIGAN AVE,Somerville,MA,"02143","0","29719206","42;44, Michigan Avenue, East Somerville, Somerville, Middlesex County, Massachusetts, 02145, United States",building,yes,"42.3890003,-71.08310942364172","0","0","0",0.00000000000000,0.00000000000000
49 FRANKLIN ST,Somerville,MA,"02143","0","29642556","49, Franklin Street, East Somerville, Somerville, Middlesex County, Massachusetts, 02145, United States",building,yes,"42.38391285,-71.08496324999999","0","0","0",0.00000000000000,0.00000000000000
88 GLEN ST,Somerville,MA,"02143","0","29719652","88, Glen Street, East Somerville, Somerville, Middlesex County, Massachusetts, 02145, United States",building,yes,"42.3847552,-71.08612496168831","0","0","0",0.00000000000000,0.00000000000000
8 ROGERS AVE,Somerville,MA,"02143","0","29827341","8;10, Rogers Avenue, Ball Square, Somerville, Middlesex County, Massachusetts, 02144, United States",building,yes,"42.39577855,-71.114173350572","0","0","0",0.00000000000000,0.00000000000000
86 GLEN ST,Somerville,MA,"02143","0","29741574","86, Glen Street, East Somerville, Somerville, Middlesex County, Massachusetts, 02145, United States",building,yes,"42.38483865,-71.08607625","0","0","0",0.00000000000000,0.00000000000000
15 CARLTON ST,Somerville,MA,"02143","0","29826416","15, Carlton Street, Union Square, Somerville, Middlesex County, Massachusetts, 02143, United States",building,yes,"42.38074005,-71.10026781260865","0","0","0",0.00000000000000,0.00000000000000
102 PEARL ST,Somerville,MA,"02143","0","29520058","102, Pearl Street, East Somerville, Somerville, Middlesex County, Massachusetts, 02145, United States",building,yes,"42.3850608,-71.08633961904626","0","0","0",0.00000000000000,0.00000000000000
65 CRAIGIE ST,Somerville,MA,"02143","0","29516258","65, Craigie Street, Wilson Square, Somerville, Middlesex County, Massachusetts, 02143, United States",building,yes,"42.38752855,-71.11096486112386","0","0","0",0.00000000000000,0.00000000000000
54 OLIVER ST,Somerville,MA,"02143","0","29745953","54, Oliver Street, East Somerville, Somerville, Middlesex County, Massachusetts, 02145, United States",building,yes,"42.383769,-71.08837613943632","0","0","0",0.00000000000000,0.00000000000000
17 QUINCY ST,Somerville,MA,"02143","0","29516779","17, Quincy Street, Union Square, Somerville, Middlesex County, Massachusetts, 02143, United States",building,yes,"42.38248725,-71.10057871810343","0","0","0",0.00000000000000,0.00000000000000
39 FRANKLIN AVE,Somerville,MA,"02143","0","9429182","39, Franklin Avenue, East Somerville, Somerville, Middlesex County, Massachusetts, 02145, United States",place,house,"42.381962214535,-71.08485554984942","0","0","0",0.00000000000000,0.00000000000000
5 PARTRIDGE AVE,Somerville,MA,"02143","0","29531939","5, Partridge Avenue, Magoun Square, Somerville, Middlesex County, Massachusetts, 02143, United States",building,yes,"42.39284225,-71.1041440987936","0","0","0",0.00000000000000,0.00000000000000
7 SUMMER ST,Somerville,MA,"02143","0","303186721","7, Summer Street, Union Square, Somerville, Middlesex County, Massachusetts, 02143, United States",place,house,"42.38212125,-71.0981235","0","0","0",0.00000000000000,0.00000000000000
2 UNION SQ,Somerville,MA,"02143","0","11134295488","2, Union Square, Somerville, Middlesex County, Massachusetts, 02143, United States",tourism,artwork,"42.3792143,-71.095142","0","0","0",0.00000000000000,0.00000000000000
210 SOMERVILLE AVE,Somerville,MA,"02143","0","29742393","210, Somerville Avenue, Brickbottom, Somerville, Middlesex County, Massachusetts, 02143, United States",building,yes,"42.3777739,-71.09103272261333","0","0","0",0.00000000000000,0.00000000000000
40 MANSFIELD ST,Somerville,MA,"02143","0","29716839","38;40, Mansfield Street, Brickbottom, Somerville, Middlesex County, Massachusetts, 02141, United States",building,yes,"42.37903095,-71.09068493232425","0","0","0",0.00000000000000,0.00000000000000
36 OLIVER ST,Somerville,MA,"02143","0","29738757","36, Oliver Street, East Somerville, Somerville, Middlesex County, Massachusetts, 02145, United States",building,yes,"42.38357045,-71.08718925956725","0","0","0",0.00000000000000,0.00000000000000
59 ELM ST,Somerville,MA,"02143","0","29790085","59, Elm Street, Wilson Square, Somerville, Middlesex County, Massachusetts, 02144, United States",building,yes,"42.388347949999996,-71.11551560150161","0","0","0",0.00000000000000,0.00000000000000
196 SOMERVILLE AVE,Somerville,MA,"02143","0","29537957","Advance Auto Parts, 196, Somerville Avenue, Brickbottom, Somerville, Middlesex County, Massachusetts, 02143, United States",shop,car_parts,"42.3773307,-71.0913129716113","0","0","0",0.00000000000000,0.00000000000000
66 DIMICK ST,Somerville,MA,"02143","0","29934971","66, Dimick Street, Union Square, Somerville, Middlesex County, Massachusetts, 02143, United States",building,apartments,"42.3772647,-71.10388877110924","0","0","0",0.00000000000000,0.00000000000000
157 WASHINGTON ST,Somerville,MA,"02143","0","11178048823","J J Restaurant & Takeout, 157, Washington Street, Prospect Hill, Somerville, Middlesex County, Massachusetts, 02143, United States",amenity,restaurant,"42.3802981,-71.0901116","0","0","0",0.00000000000000,0.00000000000000
9 JAQUES ST,Somerville,MA,"02143","0","29821109","9, Jaques Street, Ten Hills, Somerville, Middlesex County, Massachusetts, 02145, United States",building,yes,"42.392421999999996,-71.0891935044657","0","0","0",0.00000000000000,0.00000000000000
10 JAQUES ST,Somerville,MA,"02143","0","29941534","10, Jaques Street, Ten Hills, Somerville, Middlesex County, Massachusetts, 02145, United States",building,yes,"42.3922469,-71.08945553466485","0","0","0",0.00000000000000,0.00000000000000
10 CROSS ST EAST,Somerville,MA,"02143","0","9429316","10, Cross Street East, East Somerville, Somerville, Middlesex County, Massachusetts, 02145, United States",place,house,"42.389010038062345,-71.08580717374774","0","0","0",0.00000000000000,0.00000000000000
32 CALVIN ST,Somerville,MA,"02143","0","29685644","32, Calvin Street, Union Square, Somerville, Middlesex County, Massachusetts, 02143, United States",building,apartments,"42.3776149,-71.10395754999999","0","0","0",0.00000000000000,0.00000000000000
330 WASHINGTON ST,Somerville,MA,"02143","0","29828546","330, Washington Street, Somerville, Middlesex County, Massachusetts, 02143, United States",building,yes,"42.379200049999994,-71.10171216271303","0","0","0",0.00000000000000,0.00000000000000
223 WASHINGTON ST,Somerville,MA,"02143","0","29937345","223, Washington Street, Prospect Hill, Somerville, Middlesex County, Massachusetts, 02143, United States",building,industrial,"42.379719300000005,-71.09275945344538","0","0","0",0.00000000000000,0.00000000000000
215 WASHINGTON ST,Somerville,MA,"02143","0","29739929","215, Washington Street, Prospect Hill, Somerville, Middlesex County, Massachusetts, 02143, United States",building,yes,"42.3797613,-71.09235545951012","0","0","0",0.00000000000000,0.00000000000000
357 SOMERVILLE AVE,Somerville,MA,"02143","0","29642673","357;359, Somerville Avenue, Union Square, Somerville, Middlesex County, Massachusetts, 02143, United States",building,yes,"42.381132300000004,-71.09877135588235","0","0","0",0.00000000000000,0.00000000000000
86 YORKTOWN ST,Somerville,MA,"02143","0","29515837","86;88, Yorktown Street, West Somerville, Somerville, Middlesex County, Massachusetts, 02140, United States",building,apartments,"42.399988050000005,-71.12931845762108","0","0","0",0.00000000000000,0.00000000000000
131 GLEN ST,Somerville,MA,"02143","0","29789765","129;131, Glen Street, East Somerville, Somerville, Middlesex County, Massachusetts, 02145, United States",building,yes,"42.38343055,-71.0873559","0","0","0",0.00000000000000,0.00000000000000
19 PERRY ST,Somerville,MA,"02143","0","29639279","19, Perry Street, Union Square, Somerville, Middlesex County, Massachusetts, 02143, United States",building,yes,"42.37863065,-71.10165560532914","0","0","0",0.00000000000000,0.00000000000000
74 FRANKLIN ST,Somerville,MA,"02143","0","29642621","74, Franklin Street, East Somerville, Somerville, Middlesex County, Massachusetts, 02145, United States",building,apartments,"42.3823572,-71.08556743086513","0","0","0",0.00000000000000,0.00000000000000
352 MCGRATH HWY,Somerville,MA,"02143","0","29537843","352, McGrath Highway, Brickbottom, Somerville, Middlesex County, Massachusetts, 02141, United States",building,industrial,"42.3807484,-71.09040620775231","0","0","0",0.00000000000000,0.00000000000000
24 WARREN AVE,Somerville,MA,"02143","0","29714963","24, Warren Avenue, Union Square, Somerville, Middlesex County, Massachusetts, 02143, United States",building,yes,"42.38130205,-71.09574822810833","0","0","0",0.00000000000000,0.00000000000000
26 WARREN AVE,Somerville,MA,"02143","0","29642653","26, Warren Avenue, Union Square, Somerville, Middlesex County, Massachusetts, 02143, United States",building,yes,"42.3813983,-71.09562984917417","0","0","0",0.00000000000000,0.00000000000000
44 COLUMBUS AVE,Somerville,MA,"02143","0","29738694","44, Columbus Avenue, Prospect Hill, Somerville, Middlesex County, Massachusetts, 02143, United States",building,house,"42.381175,-71.09437318658911","0","0","0",0.00000000000000,0.00000000000000
28 STERLING ST,Somerville,MA,"02143","0","29518537","28, Sterling Street, Somerville, Middlesex County, Massachusetts, 02474, United States",building,yes,"42.41069175,-71.12953195242474","0","0","0",0.00000000000000,0.00000000000000
23 HARRISON ST,Somerville,MA,"02143","0","29588622","23, Harrison Street, Wilson Square, Somerville, Middlesex County, Massachusetts, 02143, United States",building,yes,"42.3819845,-71.10934412491329","0","0","0",0.00000000000000,0.00000000000000
10 OAK ST,Somerville,MA,"02143","0","29537992","10, Oak Street, Union Square, Somerville, Middlesex County, Massachusetts, 02143, United States",building,yes,"42.37591335,-71.0969177565446","0","0","0",0.00000000000000,0.00000000000000
60 MEDFORD ST,Somerville,MA,"02143","0","29718703","60, Medford Street, Brickbottom, Somerville, Middlesex County, Massachusetts, 02141, United States",building,yes,"42.37523865,-71.08875753906476","0","0","0",0.00000000000000,0.00000000000000
52 MEDFORD ST,Somerville,MA,"02143","0","29792500","52, Medford Street, Brickbottom, Somerville, Middlesex County, Massachusetts, 02141, United States",building,yes,"42.37500825,-71.08860049488514","0","0","0",0.00000000000000,0.00000000000000
394 MCGRATH HWY,Somerville,MA,"02143","0","29719246","394, McGrath Highway, Prospect Hill, Somerville, Middlesex County, Massachusetts, 02143, United States",building,yes,"42.3815444,-71.09062527119298","0","0","0",0.00000000000000,0.00000000000000
36 HAMLET ST,Somerville,MA,"02143","0","29537750","36, Hamlet Street, Prospect Hill, Somerville, Middlesex County, Massachusetts, 02143, United States",building,yes,"42.3833243,-71.09321597087319","0","0","0",0.00000000000000,0.00000000000000
37 OLIVER ST,Somerville,MA,"02143","0","29740279","37, Oliver Street, East Somerville, Somerville, Middlesex County, Massachusetts, 02145, United States",building,yes,"42.38391005,-71.08738977032198","0","0","0",0.00000000000000,0.00000000000000
414 MCGRATH HWY,Somerville,MA,"02143","0","29825857","414, McGrath Highway, Prospect Hill, Somerville, Middlesex County, Massachusetts, 02143, United States",building,yes,"42.38211815,-71.09091821128789","0","0","0",0.00000000000000,0.00000000000000
55 GLENWOOD RD,Somerville,MA,"02143","0","29584970","55, Glenwood Road, Magoun Square, Somerville, Middlesex County, Massachusetts, 02143, United States",building,yes,"42.39404675,-71.1025785813244","0","0","0",0.00000000000000,0.00000000000000
24 FLINT ST,Somerville,MA,"02143","0","29788607","24;26, Flint Street, East Somerville, Somerville, Middlesex County, Massachusetts, 02145, United States",building,yes,"42.38394975,-71.08612799027676","0","0","0",0.00000000000000,0.00000000000000
43 FRANKLIN ST,Somerville,MA,"02143","0","29537694","43, Franklin Street, East Somerville, Somerville, Middlesex County, Massachusetts, 02145, United States",building,yes,"42.384217250000006,-71.08466386868398","0","0","0",0.00000000000000,0.00000000000000
22 FLINT ST,Somerville,MA,"02143","0","29827302","22, Flint Street, East Somerville, Somerville, Middlesex County, Massachusetts, 02145, United States",building,yes,"42.38387355,-71.08590928070208","0","0","0",0.00000000000000,0.00000000000000
297 MEDFORD ST,Somerville,MA,"02143","0","29745839","297, Medford Street, Prospect Hill, Somerville, Middlesex County, Massachusetts, 02143, United States",place,house,"42.38577395,-71.09340033962411","0","0","0",0.00000000000000,0.00000000000000
22 HEATH ST,Somerville,MA,"02143","0","29537385","22;24, Heath Street, Winter Hill, Somerville, Middlesex County, Massachusetts, 02145, United States",building,yes,"42.393999699999995,-71.0937408662568","0","0","0",0.00000000000000,0.00000000000000
577 SOMERVILLE AVE,Somerville,MA,"02143","0","29516331","577, Somerville Avenue, Spring Hill, Somerville, Middlesex County, Massachusetts, 02143, United States",building,yes,"42.38385565,-71.10846188256957","0","0","0",0.00000000000000,0.00000000000000
28 BROOK ST,Somerville,MA,"02143","0","29745733","28, Brook Street, East Somerville, Somerville, Middlesex County, Massachusetts, 02145, United States",building,yes,"42.3872572,-71.08654749300062","0","0","0",0.00000000000000,0.00000000000000
22 BROOK ST,Somerville,MA,"02143","0","29642402","20;22, Brook Street, East Somerville, Somerville, Middlesex County, Massachusetts, 02145, United States",building,yes,"42.38714815,-71.08620323169399","0","0","0",0.00000000000000,0.00000000000000
32 CROSS ST,Somerville,MA,"02143","0","29745723","32, Cross Street, East Somerville, Somerville, Middlesex County, Massachusetts, 02145, United States",building,yes,"42.3873016,-71.0866626621889","0","0","0",0.00000000000000,0.00000000000000
30 PINCKNEY ST,Somerville,MA,"02143","0","29745984","30, Pinckney Street, East Somerville, Somerville, Middlesex County, Massachusetts, 02145, United States",building,yes,"42.3832869,-71.08252503944826","0","0","0",0.00000000000000,0.00000000000000
8 PINCKNEY ST,Somerville,MA,"02143","0","29537794","8, Pinckney Street, East Somerville, Somerville, Middlesex County, Massachusetts, 02145, United States",building,yes,"42.38232255,-71.08259154179188","0","0","0",0.00000000000000,0.00000000000000
10 PINCKNEY ST,Somerville,MA,"02143","0","29537789","10, Pinckney Street, East Somerville, Somerville, Middlesex County, Massachusetts, 02145, United States",building,yes,"42.3824058,-71.0825951205442","0","0","0",0.00000000000000,0.00000000000000
14 PINCKNEY ST,Somerville,MA,"02143","0","105957565","14, Pinckney Street, East Somerville, Somerville, Middlesex County, Massachusetts, 02145, United States",place,house,"42.383622736842106,-71.08216384210526","0","0","0",0.00000000000000,0.00000000000000
70 MYRTLE ST,Somerville,MA,"02143","0","29520149","70, Myrtle Street, East Somerville, Somerville, Middlesex County, Massachusetts, 02145, United States",building,apartments,"42.384244550000005,-71.08368032760302","0","0","0",0.00000000000000,0.00000000000000
28 DEARBORN RD,Somerville,MA,"02143","0","29516904","28, Dearborn Road, Ball Square, Somerville, Middlesex County, Massachusetts, 02144, United States",building,yes,"42.404958449999995,-71.1169284","0","0","0",0.00000000000000,0.00000000000000
68 MOUNT VERNON ST,Somerville,MA,"02143","0","29537744","68, Mount Vernon Street, Inner Belt, Somerville, Middlesex County, Massachusetts, 02145, United States",building,yes,"42.38334535,-71.08063395","0","0","0",0.00000000000000,0.00000000000000
90 MOUNT VERNON ST,Somerville,MA,"02143","0","29716541","88;90, Mount Vernon Street, Inner Belt, Somerville, Middlesex County, Massachusetts, 02145, United States",building,yes,"42.38252715,-71.08132245659675","0","0","0",0.00000000000000,0.00000000000000
85 WASHINGTON ST,Somerville,MA,"02143","0","8605205","85, Washington Street, Brickbottom, Somerville, Middlesex County, Massachusetts, 02143, United States",place,house,"42.38154782270723,-71.08535710254435","0","0","0",0.00000000000000,0.00000000000000
181 PEARL ST,Somerville,MA,"02143","0","29789930","181, Pearl Street, East Somerville, Somerville, Middlesex County, Massachusetts, 02145, United States",building,yes,"42.3867991,-71.09090850457738","0","0","0",0.00000000000000,0.00000000000000
24 DANA ST,Somerville,MA,"02143","0","29642389","24, Dana Street, East Somerville, Somerville, Middlesex County, Massachusetts, 02145, United States",building,yes,"42.38768305,-71.09042405102764","0","0","0",0.00000000000000,0.00000000000000
26 DANA ST,Somerville,MA,"02143","0","29740803","26, Dana Street, East Somerville, Somerville, Middlesex County, Massachusetts, 02145, United States",building,yes,"42.3877952,-71.09038702227592","0","0","0",0.00000000000000,0.00000000000000
182 BROADWAY,Somerville,MA,"02143","0","29742740","182, Broadway, East Somerville, Somerville, Middlesex County, Massachusetts, 02145, United States",building,yes,"42.388746350000005,-71.0867781","0","0","0",0.00000000000000,0.00000000000000
105 CROSS ST,Somerville,MA,"02143","0","29537686","105, Cross Street, East Somerville, Somerville, Middlesex County, Massachusetts, 02145, United States",building,detached,"42.3845853,-71.08899619508934","0","0","0",0.00000000000000,0.00000000000000
116 CROSS ST,Somerville,MA,"02143","0","29715517","116, Cross Street, East Somerville, Somerville, Middlesex County, Massachusetts, 02145, United States",building,yes,"42.383892849999995,-71.08901309999999","0","0","0",0.00000000000000,0.00000000000000
116 CROSS ST,Somerville,MA,"02143","0","29715517","116, Cross Street, East Somerville, Somerville, Middlesex County, Massachusetts, 02145, United States",building,yes,"42.383892849999995,-71.08901309999999","0","0","0",0.00000000000000,0.00000000000000
16 PUTNAM ST,Somerville,MA,"02143","0","29537721","16, Putnam Street, Union Square, Somerville, Middlesex County, Massachusetts, 02143, United States",building,yes,"42.383872100000005,-71.09873420000001","0","0","0",0.00000000000000,0.00000000000000
71 CROSS ST,Somerville,MA,"02143","0","29537646","71, Cross Street, East Somerville, Somerville, Middlesex County, Massachusetts, 02145, United States",building,detached,"42.38564245,-71.08807575930734","0","0","0",0.00000000000000,0.00000000000000
74 MIDDLESEX AVE,Somerville,MA,"02143","0","90216994","74, Middlesex Avenue, Ten Hills, Somerville, Middlesex County, Massachusetts, 02145, United States",place,house,"42.393651750000004,-71.0834435","0","0","0",0.00000000000000,0.00000000000000
109 GLEN ST,Somerville,MA,"02143","0","29829695","109, Glen Street, East Somerville, Somerville, Middlesex County, Massachusetts, 02145, United States",building,yes,"42.384062650000004,-71.08720595671612","0","0","0",0.00000000000000,0.00000000000000
103 CROSS ST,Somerville,MA,"02143","0","29537683","101;103, Cross Street, East Somerville, Somerville, Middlesex County, Massachusetts, 02145, United States",building,yes,"42.3846847,-71.08889305","0","0","0",0.00000000000000,0.00000000000000
54 CURTIS AVE,Somerville,MA,"02143","0","29730256","54, Curtis Avenue, Somerville, Middlesex County, Massachusetts, 02144, United States",building,yes,"42.40802885,-71.12680785","0","0","0",0.00000000000000,0.00000000000000
406 MCGRATH HWY,Somerville,MA,"02143","0","760500217","406, McGrath Highway, Prospect Hill, Somerville, Middlesex County, Massachusetts, 02143, United States",place,house,"42.382900778982524,-71.0913481904062","0","0","0",0.00000000000000,0.00000000000000
414 MCGRATH HWY,Somerville,MA,"02143","0","29825857","414, McGrath Highway, Prospect Hill, Somerville, Middlesex County, Massachusetts, 02143, United States",building,yes,"42.38211815,-71.09091821128789","0","0","0",0.00000000000000,0.00000000000000
141 WALNUT ST,Somerville,MA,"02143","0","29745662","141, Walnut Street, Prospect Hill, Somerville, Middlesex County, Massachusetts, 02145, United States",building,yes,"42.38879335,-71.09210020250363","0","0","0",0.00000000000000,0.00000000000000
152 CURTIS ST,Somerville,MA,"02143","0","29518859","152, Curtis Street, Somerville, Middlesex County, Massachusetts, 02144, United States",building,yes,"42.4083952,-71.1241031","0","0","0",0.00000000000000,0.00000000000000
57 BOSTON ST,Somerville,MA,"02143","0","29520262","57, Boston Street, Prospect Hill, Somerville, Middlesex County, Massachusetts, 02143, United States",building,yes,"42.38278725,-71.09271929965561","0","0","0",0.00000000000000,0.00000000000000
19 ELM ST,Somerville,MA,"02143","0","29795203","19, Elm Street, Wilson Square, Somerville, Middlesex County, Massachusetts, 02144, United States",building,yes,"42.3866255,-71.11397721327802","0","0","0",0.00000000000000,0.00000000000000
32 MUNROE ST,Somerville,MA,"02143","0","29788202","30;32, Munroe Street, Prospect Hill, Somerville, Middlesex County, Massachusetts, 02143, United States",building,yes,"42.380604649999995,-71.09219875","0","0","0",0.00000000000000,0.00000000000000
557 SOMERVILLE AVE,Somerville,MA,"02143","0","29532410","557, Somerville Avenue, Spring Hill, Somerville, Middlesex County, Massachusetts, 02143, United States",building,yes,"42.38364695,-71.10741855","0","0","0",0.00000000000000,0.00000000000000
34 GRANT ST,Somerville,MA,"02143","0","29642229","34, Grant Street, Ten Hills, Somerville, Middlesex County, Massachusetts, 02145, United States",building,yes,"42.3927551,-71.09053688822202","0","0","0",0.00000000000000,0.00000000000000
6 WHEATLAND ST,Somerville,MA,"02143","0","29730800","6, Wheatland Street, Ten Hills, Somerville, Middlesex County, Massachusetts, 02145, United States",building,yes,"42.391670000000005,-71.0907563527027","0","0","0",0.00000000000000,0.00000000000000
156 ALBION ST,Somerville,MA,"02143","0","29726498","156, Albion Street, Spring Hill, Somerville, Middlesex County, Massachusetts, 02144, United States",building,yes,"42.39265455,-71.11047329445937","0","0","0",0.00000000000000,0.00000000000000
10 HANCOCK ST,Somerville,MA,"02143","0","29683223","10, Hancock Street, Wilson Square, Somerville, Middlesex County, Massachusetts, 02144, United States",building,yes,"42.39033245,-71.11700070554699","0","0","0",0.00000000000000,0.00000000000000
102 WILLOW AVE,Somerville,MA,"02143","0","29637257","102, Willow Avenue, Ball Square, Somerville, Middlesex County, Massachusetts, 02144, United States",building,yes,"42.3945923,-71.11670469378846","0","0","0",0.00000000000000,0.00000000000000
39 WHITFIELD RD,Somerville,MA,"02143","0","29519049","39;41, Whitfield Road, Somerville, Middlesex County, Massachusetts, 02144, United States",building,yes,"42.406375249999996,-71.12441300531867","0","0","0",0.00000000000000,0.00000000000000
69 BAY STATE AVE,Somerville,MA,"02143","0","29723301","69, Bay State Avenue, Ball Square, Somerville, Middlesex County, Massachusetts, 02144, United States",building,yes,"42.3984521,-71.11601605382916","0","0","0",0.00000000000000,0.00000000000000
27 PINCKNEY ST,Somerville,MA,"02143","0","29745994","27, Pinckney Street, East Somerville, Somerville, Middlesex County, Massachusetts, 02145, United States",building,yes,"42.383132599999996,-71.0821568","0","0","0",0.00000000000000,0.00000000000000
97 GILMAN ST,Somerville,MA,"02143","0","29519927","97, Gilman Street, Prospect Hill, Somerville, Middlesex County, Massachusetts, 02145, United States",building,yes,"42.38644635,-71.0927333294602","0","0","0",0.00000000000000,0.00000000000000
89 GILMAN ST,Somerville,MA,"02143","0","29745829","89, Gilman Street, Prospect Hill, Somerville, Middlesex County, Massachusetts, 02145, United States",building,yes,"42.386216950000005,-71.09240295331145","0","0","0",0.00000000000000,0.00000000000000
227 HIGHLAND AVE,Somerville,MA,"02143","0","29683182","227, Highland Avenue, Spring Hill, Somerville, Middlesex County, Massachusetts, 02143, United States",building,detached,"42.39065175,-71.10846608698131","0","0","0",0.00000000000000,0.00000000000000
39 CEDAR ST,Somerville,MA,"02143","0","29514630","39, Cedar Street, Wilson Square, Somerville, Middlesex County, Massachusetts, 02144, United States",building,yes,"42.3894964,-71.11408159533899","0","0","0",0.00000000000000,0.00000000000000
15 ALDRICH ST,Somerville,MA,"02143","0","29820155","15, Aldrich Street, Prospect Hill, Somerville, Middlesex County, Massachusetts, 02145, United States",building,yes,"42.386062949999996,-71.09116296942801","0","0","0",0.00000000000000,0.00000000000000
3 MYRTLE ST,Somerville,MA,"02143","0","29642635","1;3;5, Myrtle Street, East Somerville, Somerville, Middlesex County, Massachusetts, 02145, United States",building,apartments,"42.3818903,-71.08373512589208","0","0","0",0.00000000000000,0.00000000000000
112 GLEN ST,Somerville,MA,"02143","0","29940702","112;114;116;118, Glen Street, East Somerville, Somerville, Middlesex County, Massachusetts, 02145, United States",building,yes,"42.38375635,-71.08666529999999","0","0","0",0.00000000000000,0.00000000000000
6 ELLSWORTH ST,Somerville,MA,"02143","0","29739222","6, Ellsworth Street, East Somerville, Somerville, Middlesex County, Massachusetts, 02145, United States",building,yes,"42.3867389,-71.08641564675264","0","0","0",0.00000000000000,0.00000000000000
421 MEDFORD ST,Somerville,MA,"02143","0","29685887","421, Medford Street, Winter Hill, Somerville, Middlesex County, Massachusetts, 02143, United States",building,yes,"42.3919527,-71.09976989527974","0","0","0",0.00000000000000,0.00000000000000
80 CURTIS ST,Somerville,MA,"02143","0","29537111","80, Curtis Street, Somerville, Middlesex County, Massachusetts, 02144, United States",building,yes,"42.4062364,-71.12573947173902","0","0","0",0.00000000000000,0.00000000000000
51 EDGAR AVE,Somerville,MA,"02143","0","29744596","51;53, Edgar Avenue, Winter Hill, Somerville, Middlesex County, Massachusetts, 02145, United States",building,yes,"42.396765349999995,-71.09610517264295","0","0","0",0.00000000000000,0.00000000000000
155 PERKINS ST,Somerville,MA,"02143","0","29822534","155;157, Perkins Street, East Somerville, Somerville, Middlesex County, Massachusetts, 02145, United States",building,apartments,"42.38575025,-71.08318764389982","0","0","0",0.00000000000000,0.00000000000000
5 FRANKLIN ST,Somerville,MA,"02143","0","29787253","5, Franklin Street, East Somerville, Somerville, Middlesex County, Massachusetts, 02145, United States",building,house,"42.3868079,-71.0828779177577","0","0","0",0.00000000000000,0.00000000000000
42 HIGH ST,Somerville,MA,"02143","0","29730089","42,44, High Street, Somerville, Middlesex County, Massachusetts, 02474, United States",building,yes,"42.41016825,-71.13013360619574","0","0","0",0.00000000000000,0.00000000000000
13 FRANKLIN AVE,Somerville,MA,"02143","0","29520300","13, Franklin Avenue, East Somerville, Somerville, Middlesex County, Massachusetts, 02145, United States",building,yes,"42.382102950000004,-71.08485199990385","0","0","0",0.00000000000000,0.00000000000000
22 FRANKLIN AVE,Somerville,MA,"02143","0","29718610","22, Franklin Avenue, East Somerville, Somerville, Middlesex County, Massachusetts, 02145, United States",building,detached,"42.3824306,-71.08507877585551","0","0","0",0.00000000000000,0.00000000000000
49 MYRTLE ST,Somerville,MA,"02143","0","29826458","49, Myrtle Street, East Somerville, Somerville, Middlesex County, Massachusetts, 02145, United States",building,yes,"42.383480250000005,-71.08372792554198","0","0","0",0.00000000000000,0.00000000000000
200 MCGRATH HWY,Somerville,MA,"02143","0","591294841","McGrath Highway, Prospect Hill, Somerville, Middlesex County, Massachusetts, 02143, United States",highway,secondary,"42.3821993,-71.0903642","0","0","0",0.00000000000000,0.00000000000000
25 BAILEY ST,Somerville,MA,"02143","0","29935690","25;27, Bailey Street, Somerville, Middlesex County, Massachusetts, 02144, United States",building,yes,"42.40970525,-71.12818509514253","0","0","0",0.00000000000000,0.00000000000000
32 WEBSTER AVE,Somerville,MA,"02143","0","29793940","32, Webster Avenue, Union Square, Somerville, Middlesex County, Massachusetts, 02143, United States",building,apartments,"42.37817205,-71.09570135200708","0","0","0",0.00000000000000,0.00000000000000
8 CROSS ST EAST,Somerville,MA,"02143","0","9429316","8, Cross Street East, East Somerville, Somerville, Middlesex County, Massachusetts, 02145, United States",place,house,"42.38897752854676,-71.08583613031081","0","0","0",0.00000000000000,0.00000000000000
8 OLIVER ST,Somerville,MA,"02143","0","29932498","8, Oliver Street, East Somerville, Somerville, Middlesex County, Massachusetts, 02145, United States",building,yes,"42.3832076,-71.0856902572612","0","0","0",0.00000000000000,0.00000000000000
88 GLEN ST,Somerville,MA,"02143","0","29719652","88, Glen Street, East Somerville, Somerville, Middlesex County, Massachusetts, 02145, United States",building,yes,"42.3847552,-71.08612496168831","0","0","0",0.00000000000000,0.00000000000000
86 GLEN ST,Somerville,MA,"02143","0","29741574","86, Glen Street, East Somerville, Somerville, Middlesex County, Massachusetts, 02145, United States",building,yes,"42.38483865,-71.08607625","0","0","0",0.00000000000000,0.00000000000000
113 WASHINGTON ST,Somerville,MA,"02143","0","29746099","Buddy's Diner, 113, Washington Street, Brickbottom, Somerville, Middlesex County, Massachusetts, 02145, United States",amenity,restaurant,"42.38136155,-71.08688093951923","0","0","0",0.00000000000000,0.00000000000000
98 PEARL ST,Somerville,MA,"02143","0","29537673","98, Pearl Street, East Somerville, Somerville, Middlesex County, Massachusetts, 02145, United States",building,yes,"42.384922450000005,-71.08590724999999","0","0","0",0.00000000000000,0.00000000000000
36 OLIVER ST,Somerville,MA,"02143","0","29738757","36, Oliver Street, East Somerville, Somerville, Middlesex County, Massachusetts, 02145, United States",building,yes,"42.38357045,-71.08718925956725","0","0","0",0.00000000000000,0.00000000000000
39 FRANKLIN AVE,Somerville,MA,"02143","0","9429182","39, Franklin Avenue, East Somerville, Somerville, Middlesex County, Massachusetts, 02145, United States",place,house,"42.381962214535,-71.08485554984942","0","0","0",0.00000000000000,0.00000000000000
22 LELAND ST,Somerville,MA,"02143","0","29820681","20;20-22;22, Leland Street, Union Square, Somerville, Middlesex County, Massachusetts, 02143, United States",building,apartments,"42.3799336,-71.10266127137461","0","0","0",0.00000000000000,0.00000000000000
18 BONAIR ST,Somerville,MA,"02143","0","9428795","18, Bonair Street, East Somerville, Somerville, Middlesex County, Massachusetts, 02145, United States",place,house,"42.387876,-71.087774","0","0","0",0.00000000000000,0.00000000000000
141 WALNUT ST,Somerville,MA,"02143","0","29745662","141, Walnut Street, Prospect Hill, Somerville, Middlesex County, Massachusetts, 02145, United States",building,yes,"42.38879335,-71.09210020250363","0","0","0",0.00000000000000,0.00000000000000
148 BROADWAY,Somerville,MA,"02143","0","29745682","148, Broadway, East Somerville, Somerville, Middlesex County, Massachusetts, 02145, United States",building,yes,"42.388128300000005,-71.08530629516643","0","0","0",0.00000000000000,0.00000000000000
125 LOWELL ST,Somerville,MA,"02143","0","29514680","Abandoned Nursing School, 125, Lowell Street, Spring Hill, Somerville, Middlesex County, Massachusetts, 02143, United States",building,commercial,"42.38843515,-71.10860462829862","0","0","0",0.00000000000000,0.00000000000000
13 CLYDE ST,Somerville,MA,"02143","0","29531822","13, Clyde Street, Magoun Square, Somerville, Middlesex County, Massachusetts, 02144, United States",building,apartments,"42.3948735,-71.10968410000001","0","0","0",0.00000000000000,0.00000000000000
70 LINE ST,Somerville,MA,"02143","0","29532860","70, Line Street, Inman Square, Somerville, Middlesex County, Massachusetts, 02143, United States",building,yes,"42.3761653,-71.10496925671808","0","0","0",0.00000000000000,0.00000000000000
85 WASHINGTON ST,Somerville,MA,"02143","0","8605205","85, Washington Street, Brickbottom, Somerville, Middlesex County, Massachusetts, 02143, United States",place,house,"42.38154782270723,-71.08535710254435","0","0","0",0.00000000000000,0.00000000000000
501 MYSTIC VALLEY PKWY,Somerville,MA,"02143","0","29787748","501, Mystic Valley Parkway, Somerville, Middlesex County, Massachusetts, 02474, United States",building,yes,"42.41528485,-71.13000138995633","0","0","0",0.00000000000000,0.00000000000000
19 ELM ST,Somerville,MA,"02143","0","29795203","19, Elm Street, Wilson Square, Somerville, Middlesex County, Massachusetts, 02144, United States",building,yes,"42.3866255,-71.11397721327802","0","0","0",0.00000000000000,0.00000000000000
156 ALBION ST,Somerville,MA,"02143","0","29726498","156, Albion Street, Spring Hill, Somerville, Middlesex County, Massachusetts, 02144, United States",building,yes,"42.39265455,-71.11047329445937","0","0","0",0.00000000000000,0.00000000000000
10 HANCOCK ST,Somerville,MA,"02143","0","29683223","10, Hancock Street, Wilson Square, Somerville, Middlesex County, Massachusetts, 02144, United States",building,yes,"42.39033245,-71.11700070554699","0","0","0",0.00000000000000,0.00000000000000
109 GLEN ST,Somerville,MA,"02143","0","29829695","109, Glen Street, East Somerville, Somerville, Middlesex County, Massachusetts, 02145, United States",building,yes,"42.384062650000004,-71.08720595671612","0","0","0",0.00000000000000,0.00000000000000
6 ELLSWORTH ST,Somerville,MA,"02143","0","29739222","6, Ellsworth Street, East Somerville, Somerville, Middlesex County, Massachusetts, 02145, United States",building,yes,"42.3867389,-71.08641564675264","0","0","0",0.00000000000000,0.00000000000000
102 WILLOW AVE,Somerville,MA,"02143","0","29637257","102, Willow Avenue, Ball Square, Somerville, Middlesex County, Massachusetts, 02144, United States",building,yes,"42.3945923,-71.11670469378846","0","0","0",0.00000000000000,0.00000000000000
3 MYRTLE ST,Somerville,MA,"02143","0","29642635","1;3;5, Myrtle Street, East Somerville, Somerville, Middlesex County, Massachusetts, 02145, United States",building,apartments,"42.3818903,-71.08373512589208","0","0","0",0.00000000000000,0.00000000000000
6 WHEATLAND ST,Somerville,MA,"02143","0","29730800","6, Wheatland Street, Ten Hills, Somerville, Middlesex County, Massachusetts, 02145, United States",building,yes,"42.391670000000005,-71.0907563527027","0","0","0",0.00000000000000,0.00000000000000
109 GLEN ST,Somerville,MA,"02143","0","29829695","109, Glen Street, East Somerville, Somerville, Middlesex County, Massachusetts, 02145, United States",building,yes,"42.384062650000004,-71.08720595671612","0","0","0",0.00000000000000,0.00000000000000
15 ALDRICH ST,Somerville,MA,"02143","0","29820155","15, Aldrich Street, Prospect Hill, Somerville, Middlesex County, Massachusetts, 02145, United States",building,yes,"42.386062949999996,-71.09116296942801","0","0","0",0.00000000000000,0.00000000000000
42 HIGH ST,Somerville,MA,"02143","0","29730089","42,44, High Street, Somerville, Middlesex County, Massachusetts, 02474, United States",building,yes,"42.41016825,-71.13013360619574","0","0","0",0.00000000000000,0.00000000000000
406 MCGRATH HWY,Somerville,MA,"02143","0","760500217","406, McGrath Highway, Prospect Hill, Somerville, Middlesex County, Massachusetts, 02143, United States",place,house,"42.382900778982524,-71.0913481904062","0","0","0",0.00000000000000,0.00000000000000
51 EDGAR AVE,Somerville,MA,"02143","0","29744596","51;53, Edgar Avenue, Winter Hill, Somerville, Middlesex County, Massachusetts, 02145, United States",building,yes,"42.396765349999995,-71.09610517264295","0","0","0",0.00000000000000,0.00000000000000
109 GLEN ST,Somerville,MA,"02143","0","29829695","109, Glen Street, East Somerville, Somerville, Middlesex County, Massachusetts, 02145, United States",building,yes,"42.384062650000004,-71.08720595671612","0","0","0",0.00000000000000,0.00000000000000
98 PEARL ST,Somerville,MA,"02143","0","29537673","98, Pearl Street, East Somerville, Somerville, Middlesex County, Massachusetts, 02145, United States",building,yes,"42.384922450000005,-71.08590724999999","0","0","0",0.00000000000000,0.00000000000000
18 BONAIR ST,Somerville,MA,"02143","0","9428795","18, Bonair Street, East Somerville, Somerville, Middlesex County, Massachusetts, 02145, United States",place,house,"42.387876,-71.087774","0","0","0",0.00000000000000,0.00000000000000
1 FAIRLEE ST,Somerville,MA,"02143","0","29934066","1, Fairlee Street, Spring Hill, Somerville, Middlesex County, Massachusetts, 02144, United States",building,yes,"42.392700500000004,-71.11431175662236","0","0","0",0.00000000000000,0.00000000000000
6 WHEATLAND ST,Somerville,MA,"02143","0","29730800","6, Wheatland Street, Ten Hills, Somerville, Middlesex County, Massachusetts, 02145, United States",building,yes,"42.391670000000005,-71.0907563527027","0","0","0",0.00000000000000,0.00000000000000
42 HIGH ST,Somerville,MA,"02143","0","29730089","42,44, High Street, Somerville, Middlesex County, Massachusetts, 02474, United States",building,yes,"42.41016825,-71.13013360619574","0","0","0",0.00000000000000,0.00000000000000
60 TUFTS ST,Somerville,MA,"02143","0","29537761","60, Tufts Street, Brickbottom, Somerville, Middlesex County, Massachusetts, 02145, United States",building,apartments,"42.3829374,-71.08962703285252","0","0","0",0.00000000000000,0.00000000000000
16 ALDERSEY ST,Somerville,MA,"02143","0","185856223","16, Aldersey Street, Prospect Hill, Somerville, Middlesex County, Massachusetts, 02143, United States",building,house,"42.38324225,-71.09711771670356","0","0","0",0.00000000000000,0.00000000000000
18 ALDERSEY ST,Somerville,MA,"02143","0","29788515","18, Aldersey Street, Prospect Hill, Somerville, Middlesex County, Massachusetts, 02143, United States",building,house,"42.383305449999995,-71.09728223356353","0","0","0",0.00000000000000,0.00000000000000
67 PERKINS ST,Somerville,MA,"02143","0","29537685","65;67, Perkins Street, East Somerville, Somerville, Middlesex County, Massachusetts, 02145, United States",building,apartments,"42.384526199999996,-71.0788574","0","0","0",0.00000000000000,0.00000000000000
7 ILLINOIS AVE,Somerville,MA,"02143","0","29745694","7;9, Illinois Avenue, East Somerville, Somerville, Middlesex County, Massachusetts, 02145, United States",building,yes,"42.387835100000004,-71.08289518360917","0","0","0",0.00000000000000,0.00000000000000
181 PEARL ST,Somerville,MA,"02143","0","29789930","181, Pearl Street, East Somerville, Somerville, Middlesex County, Massachusetts, 02145, United States",building,yes,"42.3867991,-71.09090850457738","0","0","0",0.00000000000000,0.00000000000000
33 ELM ST,Somerville,MA,"02143","0","29683505","31-33, Elm Street, Wilson Square, Somerville, Middlesex County, Massachusetts, 02144, United States",building,yes,"42.387088899999995,-71.1144305","0","0","0",0.00000000000000,0.00000000000000
32 SPRING ST,Somerville,MA,"02143","0","29516303","32, Spring Street, Spring Hill, Somerville, Middlesex County, Massachusetts, 02143, United States",building,yes,"42.3855498,-71.1091897274195","0","0","0",0.00000000000000,0.00000000000000
112 GLEN ST,Somerville,MA,"02143","0","29940702","112;114;116;118, Glen Street, East Somerville, Somerville, Middlesex County, Massachusetts, 02145, United States",building,yes,"42.38375635,-71.08666529999999","0","0","0",0.00000000000000,0.00000000000000
18 BONAIR ST,Somerville,MA,"02143","0","9428795","18, Bonair Street, East Somerville, Somerville, Middlesex County, Massachusetts, 02145, United States",place,house,"42.387876,-71.087774","0","0","0",0.00000000000000,0.00000000000000
109 GLEN ST,Somerville,MA,"02143","0","29829695","109, Glen Street, East Somerville, Somerville, Middlesex County, Massachusetts, 02145, United States",building,yes,"42.384062650000004,-71.08720595671612","0","0","0",0.00000000000000,0.00000000000000
1295 BROADWAY,Somerville,MA,"02143","0","927204734","1295, Broadway, Somerville, Middlesex County, Massachusetts, 02144, United States",place,house,"42.40546957142857,-71.13048985714286","0","0","0",0.00000000000000,0.00000000000000
52 PEARSON RD,Somerville,MA,"02143","0","29827264","52, Pearson Road, Ball Square, Somerville, Middlesex County, Massachusetts, 02144, United States",building,yes,"42.4023075,-71.11552120346994","0","0","0",0.00000000000000,0.00000000000000
36 PORTER ST,Somerville,MA,"02143","0","29628973","36, Porter Street, Wilson Square, Somerville, Middlesex County, Massachusetts, 02144, United States",building,yes,"42.38819065,-71.11256126314454","0","0","0",0.00000000000000,0.00000000000000
5 OLIVER ST,Somerville,MA,"02143","0","29796867","5, Oliver Street, East Somerville, Somerville, Middlesex County, Massachusetts, 02145, United States",building,yes,"42.3834806,-71.08552695","0","0","0",0.00000000000000,0.00000000000000
37 KNOWLTON ST,Somerville,MA,"02143","0","29785898","35;37, Knowlton Street, East Somerville, Somerville, Middlesex County, Massachusetts, 02145, United States",building,yes,"42.38219545,-71.08676685037969","0","0","0",0.00000000000000,0.00000000000000
58 PEARSON AVE,Somerville,MA,"02143","0","29531697","58;60, Pearson Avenue, Ball Square, Somerville, Middlesex County, Massachusetts, 02144, United States",building,yes,"42.3966174,-71.11179210782998","0","0","0",0.00000000000000,0.00000000000000
13 HANSON AVE,Somerville,MA,"02143","0","29532620","13,15, Hanson Avenue, Wilson Square, Somerville, Middlesex County, Massachusetts, 02143, United States",building,yes,"42.379359300000004,-71.10481969341933","0","0","0",0.00000000000000,0.00000000000000
9 HANSON AVE,Somerville,MA,"02143","0","29794090","9, Hanson Avenue, Wilson Square, Somerville, Middlesex County, Massachusetts, 02143, United States",building,yes,"42.37928365,-71.10502670682152","0","0","0",0.00000000000000,0.00000000000000
23 HINCKLEY ST,Somerville,MA,"02143","0","29629767","23, Hinckley Street, Magoun Square, Somerville, Middlesex County, Massachusetts, 02144, United States",building,yes,"42.3967762,-71.10572095251142","0","0","0",0.00000000000000,0.00000000000000
24 HAROLD ST,Somerville,MA,"02143","0","29725402","24, Harold Street, Union Square, Somerville, Middlesex County, Massachusetts, 02143, United States",building,yes,"42.376957000000004,-71.10238030144976","0","0","0",0.00000000000000,0.00000000000000
22 SYCAMORE ST,Somerville,MA,"02143","0","29639800","22, Sycamore Street, Winter Hill, Somerville, Middlesex County, Massachusetts, 02143, United States",building,yes,"42.38881655,-71.10150302547262","0","0","0",0.00000000000000,0.00000000000000
275 BEACON ST,Somerville,MA,"02143","0","29796579","Star Market, 275, Beacon Street, Wilson Square, Somerville, Middlesex County, Massachusetts, 02144, United States",shop,supermarket,"42.3837468,-71.1118456071379","0","0","0",0.00000000000000,0.00000000000000
68 OTIS ST,Somerville,MA,"02143","0","29827256","68, Otis Street, East Somerville, Somerville, Middlesex County, Massachusetts, 02145, United States",building,yes,"42.3881648,-71.0907812085681","0","0","0",0.00000000000000,0.00000000000000
12 DANA ST,Somerville,MA,"02143","0","29745743","12, Dana Street, East Somerville, Somerville, Middlesex County, Massachusetts, 02145, United States",building,yes,"42.38720535,-71.09067100429179","0","0","0",0.00000000000000,0.00000000000000
9 BONAIR ST,Somerville,MA,"02143","0","29932568","9, Bonair Street, East Somerville, Somerville, Middlesex County, Massachusetts, 02145, United States",building,yes,"42.38791245,-71.0871812","0","0","0",0.00000000000000,0.00000000000000
97 CROSS ST,Somerville,MA,"02143","0","29793534","95;97, Cross Street, East Somerville, Somerville, Middlesex County, Massachusetts, 02145, United States",building,yes,"42.3847642,-71.08876582851336","0","0","0",0.00000000000000,0.00000000000000
68 FLINT ST,Somerville,MA,"02143","0","29537671","68;70, Flint Street, East Somerville, Somerville, Middlesex County, Massachusetts, 02145, United States",building,yes,"42.38495765,-71.08926071173154","0","0","0",0.00000000000000,0.00000000000000
1 FAIRLEE ST,Somerville,MA,"02143","0","29934066","1, Fairlee Street, Spring Hill, Somerville, Middlesex County, Massachusetts, 02144, United States",building,yes,"42.392700500000004,-71.11431175662236","0","0","0",0.00000000000000,0.00000000000000
28 MINNESOTA AVE,Somerville,MA,"02143","0","29823999","26;28, Minnesota Avenue, East Somerville, Somerville, Middlesex County, Massachusetts, 02145, United States",building,yes,"42.3893572,-71.0846482","0","0","0",0.00000000000000,0.00000000000000
1 FAIRMOUNT AVE,Somerville,MA,"02143","0","29640415","1, Fairmount Avenue, Somerville, Middlesex County, Massachusetts, 02144, United States",building,yes,"42.40431995,-71.12683923902625","0","0","0",0.00000000000000,0.00000000000000
21 CARLTON ST,Somerville,MA,"02143","0","29727476","21, Carlton Street, Union Square, Somerville, Middlesex County, Massachusetts, 02143, United States",building,yes,"42.380515149999994,-71.10038501700622","0","0","0",0.00000000000000,0.00000000000000
39 FLORENCE ST,Somerville,MA,"02143","0","8610040","39, Florence Street, East Somerville, Somerville, Middlesex County, Massachusetts, 02145, United States",place,house,"42.38359520021921,-71.08291447943164","0","0","0",0.00000000000000,0.00000000000000
41 BURNSIDE AVE,Somerville,MA,"02143","0","29723831","41, Burnside Avenue, Wilson Square, Somerville, Middlesex County, Massachusetts, 02144, United States",building,apartments,"42.3915455,-71.11652125174291","0","0","0",0.00000000000000,0.00000000000000
2 ELM CT,Somerville,MA,"02143","0","29789847","2, Elm Court, West Somerville, Somerville, Middlesex County, Massachusetts, 02144, United States",building,detached,"42.3966634,-71.12124016784065","0","0","0",0.00000000000000,0.00000000000000
594 BROADWAY,Somerville,MA,"02143","0","426586100","594, Broadway, Magoun Square, Somerville, Middlesex County, Massachusetts, 02145, United States",place,house,"42.39856673913044,-71.10849756521739","0","0","0",0.00000000000000,0.00000000000000
